style,budget,rank,total_robux,slot,item_id,item_name,price_robux,page
Aesthetic,Almost free,1,10,Shirt,4902303192,🥑aesthetic avocado🥑,5,https://robloxoutfits.net/outfits/aesthetic/almost-free/
Aesthetic,Almost free,1,10,Pants,5676503931,thrifted vintage aesthetic indie kid mom jeans,5,https://robloxoutfits.net/outfits/aesthetic/almost-free/
Aesthetic,Almost free,1,10,Hair,2956239660,Belle Of Belfast Long Red Hair,0,https://robloxoutfits.net/outfits/aesthetic/almost-free/
Aesthetic,Almost free,2,10,Shirt,72705380386269,Aesthetic purple blouse,5,https://robloxoutfits.net/outfits/aesthetic/almost-free/
Aesthetic,Almost free,2,10,Pants,5676503931,thrifted vintage aesthetic indie kid mom jeans,5,https://robloxoutfits.net/outfits/aesthetic/almost-free/
Aesthetic,Almost free,2,10,Hair,2956239660,Belle Of Belfast Long Red Hair,0,https://robloxoutfits.net/outfits/aesthetic/almost-free/
Aesthetic,Almost free,3,10,Shirt,4902303192,🥑aesthetic avocado🥑,5,https://robloxoutfits.net/outfits/aesthetic/almost-free/
Aesthetic,Almost free,3,10,Pants,6296904294,preppy cottage core vintage plaid dress w socks,5,https://robloxoutfits.net/outfits/aesthetic/almost-free/
Aesthetic,Almost free,3,10,Hair,122597316641855,Cute Soft Blue Side Pigtails Hair Kawai W/ Bow,0,https://robloxoutfits.net/outfits/aesthetic/almost-free/
Aesthetic,Almost free,4,10,Shirt,72705380386269,Aesthetic purple blouse,5,https://robloxoutfits.net/outfits/aesthetic/almost-free/
Aesthetic,Almost free,4,10,Pants,6296904294,preppy cottage core vintage plaid dress w socks,5,https://robloxoutfits.net/outfits/aesthetic/almost-free/
Aesthetic,Almost free,4,10,Hair,122597316641855,Cute Soft Blue Side Pigtails Hair Kawai W/ Bow,0,https://robloxoutfits.net/outfits/aesthetic/almost-free/
Aesthetic,Almost free,5,10,Shirt,128922111953056,✅ Aesthetic pastel Pink top black white valentines,5,https://robloxoutfits.net/outfits/aesthetic/almost-free/
Aesthetic,Almost free,5,10,Pants,6885458963,christmas y2k cottage core green sage vintage,5,https://robloxoutfits.net/outfits/aesthetic/almost-free/
Aesthetic,Almost free,5,10,Hair,91908724921017,♡Long pastel y2k hair,0,https://robloxoutfits.net/outfits/aesthetic/almost-free/
Aesthetic,Almost free,6,10,Shirt,128922111953056,✅ Aesthetic pastel Pink top black white valentines,5,https://robloxoutfits.net/outfits/aesthetic/almost-free/
Aesthetic,Almost free,6,10,Pants,5197702014,Cute ripped Jeans Y2k aesthetic vintage girl ok,5,https://robloxoutfits.net/outfits/aesthetic/almost-free/
Aesthetic,Almost free,6,10,Hair,91908724921017,♡Long pastel y2k hair,0,https://robloxoutfits.net/outfits/aesthetic/almost-free/
Aesthetic,Almost free,7,10,Shirt,5532806467,y2k Black Aesthetic,5,https://robloxoutfits.net/outfits/aesthetic/almost-free/
Aesthetic,Almost free,7,10,Pants,6885458963,christmas y2k cottage core green sage vintage,5,https://robloxoutfits.net/outfits/aesthetic/almost-free/
Aesthetic,Almost free,7,10,Hair,110316877015555,(FREE UGC) Aesthetic Messy Combo Hair,0,https://robloxoutfits.net/outfits/aesthetic/almost-free/
Aesthetic,Almost free,8,10,Shirt,5532806467,y2k Black Aesthetic,5,https://robloxoutfits.net/outfits/aesthetic/almost-free/
Aesthetic,Almost free,8,10,Pants,5197702014,Cute ripped Jeans Y2k aesthetic vintage girl ok,5,https://robloxoutfits.net/outfits/aesthetic/almost-free/
Aesthetic,Almost free,8,10,Hair,110316877015555,(FREE UGC) Aesthetic Messy Combo Hair,0,https://robloxoutfits.net/outfits/aesthetic/almost-free/
Aesthetic,Almost free,9,10,Shirt,6124931327,❄️Cute White Aesthetic Vintage Winter Christmas,5,https://robloxoutfits.net/outfits/aesthetic/almost-free/
Aesthetic,Almost free,9,10,Pants,6986689009,cottage core dress white preppy xmas Christmas,5,https://robloxoutfits.net/outfits/aesthetic/almost-free/
Aesthetic,Almost free,9,10,Hair,137683398341176,Preppy Soft White Pigtails,0,https://robloxoutfits.net/outfits/aesthetic/almost-free/
Aesthetic,Almost free,10,10,Shirt,6124931327,❄️Cute White Aesthetic Vintage Winter Christmas,5,https://robloxoutfits.net/outfits/aesthetic/almost-free/
Aesthetic,Almost free,10,10,Pants,6111376717,y2k black jeans ripped aesthetic vintage preppy,5,https://robloxoutfits.net/outfits/aesthetic/almost-free/
Aesthetic,Almost free,10,10,Hair,137683398341176,Preppy Soft White Pigtails,0,https://robloxoutfits.net/outfits/aesthetic/almost-free/
Aesthetic,Almost free,11,10,Shirt,4876446222,aesthetic trendy sweeten vintage black y2k top,5,https://robloxoutfits.net/outfits/aesthetic/almost-free/
Aesthetic,Almost free,11,10,Pants,6986689009,cottage core dress white preppy xmas Christmas,5,https://robloxoutfits.net/outfits/aesthetic/almost-free/
Aesthetic,Almost free,11,10,Hair,126864860123981,Pastel Goth Princess Hair,0,https://robloxoutfits.net/outfits/aesthetic/almost-free/
Aesthetic,Almost free,12,10,Shirt,4876446222,aesthetic trendy sweeten vintage black y2k top,5,https://robloxoutfits.net/outfits/aesthetic/almost-free/
Aesthetic,Almost free,12,10,Pants,6111376717,y2k black jeans ripped aesthetic vintage preppy,5,https://robloxoutfits.net/outfits/aesthetic/almost-free/
Aesthetic,Almost free,12,10,Hair,126864860123981,Pastel Goth Princess Hair,0,https://robloxoutfits.net/outfits/aesthetic/almost-free/
Aesthetic,Under 50 Robux,1,10,Shirt,4902303192,🥑aesthetic avocado🥑,5,https://robloxoutfits.net/outfits/aesthetic/under-50-robux/
Aesthetic,Under 50 Robux,1,10,Pants,5676503931,thrifted vintage aesthetic indie kid mom jeans,5,https://robloxoutfits.net/outfits/aesthetic/under-50-robux/
Aesthetic,Under 50 Robux,1,10,Hair,2956239660,Belle Of Belfast Long Red Hair,0,https://robloxoutfits.net/outfits/aesthetic/under-50-robux/
Aesthetic,Under 50 Robux,2,10,Shirt,72705380386269,Aesthetic purple blouse,5,https://robloxoutfits.net/outfits/aesthetic/under-50-robux/
Aesthetic,Under 50 Robux,2,10,Pants,5676503931,thrifted vintage aesthetic indie kid mom jeans,5,https://robloxoutfits.net/outfits/aesthetic/under-50-robux/
Aesthetic,Under 50 Robux,2,10,Hair,2956239660,Belle Of Belfast Long Red Hair,0,https://robloxoutfits.net/outfits/aesthetic/under-50-robux/
Aesthetic,Under 50 Robux,3,10,Shirt,4902303192,🥑aesthetic avocado🥑,5,https://robloxoutfits.net/outfits/aesthetic/under-50-robux/
Aesthetic,Under 50 Robux,3,10,Pants,6296904294,preppy cottage core vintage plaid dress w socks,5,https://robloxoutfits.net/outfits/aesthetic/under-50-robux/
Aesthetic,Under 50 Robux,3,10,Hair,122597316641855,Cute Soft Blue Side Pigtails Hair Kawai W/ Bow,0,https://robloxoutfits.net/outfits/aesthetic/under-50-robux/
Aesthetic,Under 50 Robux,4,10,Shirt,72705380386269,Aesthetic purple blouse,5,https://robloxoutfits.net/outfits/aesthetic/under-50-robux/
Aesthetic,Under 50 Robux,4,10,Pants,6296904294,preppy cottage core vintage plaid dress w socks,5,https://robloxoutfits.net/outfits/aesthetic/under-50-robux/
Aesthetic,Under 50 Robux,4,10,Hair,122597316641855,Cute Soft Blue Side Pigtails Hair Kawai W/ Bow,0,https://robloxoutfits.net/outfits/aesthetic/under-50-robux/
Aesthetic,Under 50 Robux,5,10,Shirt,128922111953056,✅ Aesthetic pastel Pink top black white valentines,5,https://robloxoutfits.net/outfits/aesthetic/under-50-robux/
Aesthetic,Under 50 Robux,5,10,Pants,6885458963,christmas y2k cottage core green sage vintage,5,https://robloxoutfits.net/outfits/aesthetic/under-50-robux/
Aesthetic,Under 50 Robux,5,10,Hair,91908724921017,♡Long pastel y2k hair,0,https://robloxoutfits.net/outfits/aesthetic/under-50-robux/
Aesthetic,Under 50 Robux,6,10,Shirt,128922111953056,✅ Aesthetic pastel Pink top black white valentines,5,https://robloxoutfits.net/outfits/aesthetic/under-50-robux/
Aesthetic,Under 50 Robux,6,10,Pants,5197702014,Cute ripped Jeans Y2k aesthetic vintage girl ok,5,https://robloxoutfits.net/outfits/aesthetic/under-50-robux/
Aesthetic,Under 50 Robux,6,10,Hair,91908724921017,♡Long pastel y2k hair,0,https://robloxoutfits.net/outfits/aesthetic/under-50-robux/
Aesthetic,Under 50 Robux,7,10,Shirt,5532806467,y2k Black Aesthetic,5,https://robloxoutfits.net/outfits/aesthetic/under-50-robux/
Aesthetic,Under 50 Robux,7,10,Pants,6885458963,christmas y2k cottage core green sage vintage,5,https://robloxoutfits.net/outfits/aesthetic/under-50-robux/
Aesthetic,Under 50 Robux,7,10,Hair,110316877015555,(FREE UGC) Aesthetic Messy Combo Hair,0,https://robloxoutfits.net/outfits/aesthetic/under-50-robux/
Aesthetic,Under 50 Robux,8,10,Shirt,5532806467,y2k Black Aesthetic,5,https://robloxoutfits.net/outfits/aesthetic/under-50-robux/
Aesthetic,Under 50 Robux,8,10,Pants,5197702014,Cute ripped Jeans Y2k aesthetic vintage girl ok,5,https://robloxoutfits.net/outfits/aesthetic/under-50-robux/
Aesthetic,Under 50 Robux,8,10,Hair,110316877015555,(FREE UGC) Aesthetic Messy Combo Hair,0,https://robloxoutfits.net/outfits/aesthetic/under-50-robux/
Aesthetic,Under 50 Robux,9,10,Shirt,6124931327,❄️Cute White Aesthetic Vintage Winter Christmas,5,https://robloxoutfits.net/outfits/aesthetic/under-50-robux/
Aesthetic,Under 50 Robux,9,10,Pants,6986689009,cottage core dress white preppy xmas Christmas,5,https://robloxoutfits.net/outfits/aesthetic/under-50-robux/
Aesthetic,Under 50 Robux,9,10,Hair,137683398341176,Preppy Soft White Pigtails,0,https://robloxoutfits.net/outfits/aesthetic/under-50-robux/
Aesthetic,Under 50 Robux,10,10,Shirt,6124931327,❄️Cute White Aesthetic Vintage Winter Christmas,5,https://robloxoutfits.net/outfits/aesthetic/under-50-robux/
Aesthetic,Under 50 Robux,10,10,Pants,6111376717,y2k black jeans ripped aesthetic vintage preppy,5,https://robloxoutfits.net/outfits/aesthetic/under-50-robux/
Aesthetic,Under 50 Robux,10,10,Hair,137683398341176,Preppy Soft White Pigtails,0,https://robloxoutfits.net/outfits/aesthetic/under-50-robux/
Aesthetic,Under 50 Robux,11,10,Shirt,4876446222,aesthetic trendy sweeten vintage black y2k top,5,https://robloxoutfits.net/outfits/aesthetic/under-50-robux/
Aesthetic,Under 50 Robux,11,10,Pants,6986689009,cottage core dress white preppy xmas Christmas,5,https://robloxoutfits.net/outfits/aesthetic/under-50-robux/
Aesthetic,Under 50 Robux,11,10,Hair,126864860123981,Pastel Goth Princess Hair,0,https://robloxoutfits.net/outfits/aesthetic/under-50-robux/
Aesthetic,Under 50 Robux,12,10,Shirt,4876446222,aesthetic trendy sweeten vintage black y2k top,5,https://robloxoutfits.net/outfits/aesthetic/under-50-robux/
Aesthetic,Under 50 Robux,12,10,Pants,6111376717,y2k black jeans ripped aesthetic vintage preppy,5,https://robloxoutfits.net/outfits/aesthetic/under-50-robux/
Aesthetic,Under 50 Robux,12,10,Hair,126864860123981,Pastel Goth Princess Hair,0,https://robloxoutfits.net/outfits/aesthetic/under-50-robux/
Aesthetic,Under 100 Robux,1,100,Shirt,4902303192,🥑aesthetic avocado🥑,5,https://robloxoutfits.net/outfits/aesthetic/under-100-robux/
Aesthetic,Under 100 Robux,1,100,Pants,5676503931,thrifted vintage aesthetic indie kid mom jeans,5,https://robloxoutfits.net/outfits/aesthetic/under-100-robux/
Aesthetic,Under 100 Robux,1,100,Hair,2956239660,Belle Of Belfast Long Red Hair,0,https://robloxoutfits.net/outfits/aesthetic/under-100-robux/
Aesthetic,Under 100 Robux,1,100,Accessory,10968640623,⊱┊soft cute eyelash face,90,https://robloxoutfits.net/outfits/aesthetic/under-100-robux/
Aesthetic,Under 100 Robux,2,100,Shirt,72705380386269,Aesthetic purple blouse,5,https://robloxoutfits.net/outfits/aesthetic/under-100-robux/
Aesthetic,Under 100 Robux,2,100,Pants,5676503931,thrifted vintage aesthetic indie kid mom jeans,5,https://robloxoutfits.net/outfits/aesthetic/under-100-robux/
Aesthetic,Under 100 Robux,2,100,Hair,2956239660,Belle Of Belfast Long Red Hair,0,https://robloxoutfits.net/outfits/aesthetic/under-100-robux/
Aesthetic,Under 100 Robux,2,100,Accessory,10968640623,⊱┊soft cute eyelash face,90,https://robloxoutfits.net/outfits/aesthetic/under-100-robux/
Aesthetic,Under 100 Robux,3,85,Shirt,4902303192,🥑aesthetic avocado🥑,5,https://robloxoutfits.net/outfits/aesthetic/under-100-robux/
Aesthetic,Under 100 Robux,3,85,Pants,6296904294,preppy cottage core vintage plaid dress w socks,5,https://robloxoutfits.net/outfits/aesthetic/under-100-robux/
Aesthetic,Under 100 Robux,3,85,Hair,6849134538,Aesthetic low piggytails in blonde,75,https://robloxoutfits.net/outfits/aesthetic/under-100-robux/
Aesthetic,Under 100 Robux,4,85,Shirt,72705380386269,Aesthetic purple blouse,5,https://robloxoutfits.net/outfits/aesthetic/under-100-robux/
Aesthetic,Under 100 Robux,4,85,Pants,6296904294,preppy cottage core vintage plaid dress w socks,5,https://robloxoutfits.net/outfits/aesthetic/under-100-robux/
Aesthetic,Under 100 Robux,4,85,Hair,6849134538,Aesthetic low piggytails in blonde,75,https://robloxoutfits.net/outfits/aesthetic/under-100-robux/
Aesthetic,Under 100 Robux,5,85,Shirt,128922111953056,✅ Aesthetic pastel Pink top black white valentines,5,https://robloxoutfits.net/outfits/aesthetic/under-100-robux/
Aesthetic,Under 100 Robux,5,85,Pants,6885458963,christmas y2k cottage core green sage vintage,5,https://robloxoutfits.net/outfits/aesthetic/under-100-robux/
Aesthetic,Under 100 Robux,5,85,Hair,7284206648,Aesthetic Split Bangs Hair in Blonde,75,https://robloxoutfits.net/outfits/aesthetic/under-100-robux/
Aesthetic,Under 100 Robux,6,85,Shirt,128922111953056,✅ Aesthetic pastel Pink top black white valentines,5,https://robloxoutfits.net/outfits/aesthetic/under-100-robux/
Aesthetic,Under 100 Robux,6,85,Pants,5197702014,Cute ripped Jeans Y2k aesthetic vintage girl ok,5,https://robloxoutfits.net/outfits/aesthetic/under-100-robux/
Aesthetic,Under 100 Robux,6,85,Hair,7284206648,Aesthetic Split Bangs Hair in Blonde,75,https://robloxoutfits.net/outfits/aesthetic/under-100-robux/
Aesthetic,Under 100 Robux,7,95,Shirt,5532806467,y2k Black Aesthetic,5,https://robloxoutfits.net/outfits/aesthetic/under-100-robux/
Aesthetic,Under 100 Robux,7,95,Pants,6885458963,christmas y2k cottage core green sage vintage,5,https://robloxoutfits.net/outfits/aesthetic/under-100-robux/
Aesthetic,Under 100 Robux,7,95,Hair,6005308235,Blonde Aesthetic Curly High Ponytail,85,https://robloxoutfits.net/outfits/aesthetic/under-100-robux/
Aesthetic,Under 100 Robux,8,95,Shirt,5532806467,y2k Black Aesthetic,5,https://robloxoutfits.net/outfits/aesthetic/under-100-robux/
Aesthetic,Under 100 Robux,8,95,Pants,5197702014,Cute ripped Jeans Y2k aesthetic vintage girl ok,5,https://robloxoutfits.net/outfits/aesthetic/under-100-robux/
Aesthetic,Under 100 Robux,8,95,Hair,6005308235,Blonde Aesthetic Curly High Ponytail,85,https://robloxoutfits.net/outfits/aesthetic/under-100-robux/
Aesthetic,Under 100 Robux,9,90,Shirt,6124931327,❄️Cute White Aesthetic Vintage Winter Christmas,5,https://robloxoutfits.net/outfits/aesthetic/under-100-robux/
Aesthetic,Under 100 Robux,9,90,Pants,6986689009,cottage core dress white preppy xmas Christmas,5,https://robloxoutfits.net/outfits/aesthetic/under-100-robux/
Aesthetic,Under 100 Robux,9,90,Hair,13745548,Cinnamon Hair,80,https://robloxoutfits.net/outfits/aesthetic/under-100-robux/
Aesthetic,Under 100 Robux,10,90,Shirt,6124931327,❄️Cute White Aesthetic Vintage Winter Christmas,5,https://robloxoutfits.net/outfits/aesthetic/under-100-robux/
Aesthetic,Under 100 Robux,10,90,Pants,6111376717,y2k black jeans ripped aesthetic vintage preppy,5,https://robloxoutfits.net/outfits/aesthetic/under-100-robux/
Aesthetic,Under 100 Robux,10,90,Hair,13745548,Cinnamon Hair,80,https://robloxoutfits.net/outfits/aesthetic/under-100-robux/
Aesthetic,Under 100 Robux,11,10,Shirt,4876446222,aesthetic trendy sweeten vintage black y2k top,5,https://robloxoutfits.net/outfits/aesthetic/under-100-robux/
Aesthetic,Under 100 Robux,11,10,Pants,6986689009,cottage core dress white preppy xmas Christmas,5,https://robloxoutfits.net/outfits/aesthetic/under-100-robux/
Aesthetic,Under 100 Robux,11,10,Hair,122597316641855,Cute Soft Blue Side Pigtails Hair Kawai W/ Bow,0,https://robloxoutfits.net/outfits/aesthetic/under-100-robux/
Aesthetic,Under 100 Robux,12,10,Shirt,4876446222,aesthetic trendy sweeten vintage black y2k top,5,https://robloxoutfits.net/outfits/aesthetic/under-100-robux/
Aesthetic,Under 100 Robux,12,10,Pants,6111376717,y2k black jeans ripped aesthetic vintage preppy,5,https://robloxoutfits.net/outfits/aesthetic/under-100-robux/
Aesthetic,Under 100 Robux,12,10,Hair,122597316641855,Cute Soft Blue Side Pigtails Hair Kawai W/ Bow,0,https://robloxoutfits.net/outfits/aesthetic/under-100-robux/
Aesthetic,Under 200 Robux,1,180,Shirt,4902303192,🥑aesthetic avocado🥑,5,https://robloxoutfits.net/outfits/aesthetic/under-200-robux/
Aesthetic,Under 200 Robux,1,180,Pants,5676503931,thrifted vintage aesthetic indie kid mom jeans,5,https://robloxoutfits.net/outfits/aesthetic/under-200-robux/
Aesthetic,Under 200 Robux,1,180,Hair,6849134538,Aesthetic low piggytails in blonde,75,https://robloxoutfits.net/outfits/aesthetic/under-200-robux/
Aesthetic,Under 200 Robux,1,180,Accessory,6711563577,White Hair Flower,95,https://robloxoutfits.net/outfits/aesthetic/under-200-robux/
Aesthetic,Under 200 Robux,2,180,Shirt,72705380386269,Aesthetic purple blouse,5,https://robloxoutfits.net/outfits/aesthetic/under-200-robux/
Aesthetic,Under 200 Robux,2,180,Pants,5676503931,thrifted vintage aesthetic indie kid mom jeans,5,https://robloxoutfits.net/outfits/aesthetic/under-200-robux/
Aesthetic,Under 200 Robux,2,180,Hair,6849134538,Aesthetic low piggytails in blonde,75,https://robloxoutfits.net/outfits/aesthetic/under-200-robux/
Aesthetic,Under 200 Robux,2,180,Accessory,6711563577,White Hair Flower,95,https://robloxoutfits.net/outfits/aesthetic/under-200-robux/
Aesthetic,Under 200 Robux,3,180,Shirt,4902303192,🥑aesthetic avocado🥑,5,https://robloxoutfits.net/outfits/aesthetic/under-200-robux/
Aesthetic,Under 200 Robux,3,180,Pants,6296904294,preppy cottage core vintage plaid dress w socks,5,https://robloxoutfits.net/outfits/aesthetic/under-200-robux/
Aesthetic,Under 200 Robux,3,180,Hair,7284206648,Aesthetic Split Bangs Hair in Blonde,75,https://robloxoutfits.net/outfits/aesthetic/under-200-robux/
Aesthetic,Under 200 Robux,3,180,Accessory,5318235356,White Aesthetic Headband,95,https://robloxoutfits.net/outfits/aesthetic/under-200-robux/
Aesthetic,Under 200 Robux,4,180,Shirt,72705380386269,Aesthetic purple blouse,5,https://robloxoutfits.net/outfits/aesthetic/under-200-robux/
Aesthetic,Under 200 Robux,4,180,Pants,6296904294,preppy cottage core vintage plaid dress w socks,5,https://robloxoutfits.net/outfits/aesthetic/under-200-robux/
Aesthetic,Under 200 Robux,4,180,Hair,7284206648,Aesthetic Split Bangs Hair in Blonde,75,https://robloxoutfits.net/outfits/aesthetic/under-200-robux/
Aesthetic,Under 200 Robux,4,180,Accessory,5318235356,White Aesthetic Headband,95,https://robloxoutfits.net/outfits/aesthetic/under-200-robux/
Aesthetic,Under 200 Robux,5,190,Shirt,128922111953056,✅ Aesthetic pastel Pink top black white valentines,5,https://robloxoutfits.net/outfits/aesthetic/under-200-robux/
Aesthetic,Under 200 Robux,5,190,Pants,6885458963,christmas y2k cottage core green sage vintage,5,https://robloxoutfits.net/outfits/aesthetic/under-200-robux/
Aesthetic,Under 200 Robux,5,190,Hair,6005308235,Blonde Aesthetic Curly High Ponytail,85,https://robloxoutfits.net/outfits/aesthetic/under-200-robux/
Aesthetic,Under 200 Robux,5,190,Accessory,5727828084,80s Aesthetic Stickers,95,https://robloxoutfits.net/outfits/aesthetic/under-200-robux/
Aesthetic,Under 200 Robux,6,190,Shirt,128922111953056,✅ Aesthetic pastel Pink top black white valentines,5,https://robloxoutfits.net/outfits/aesthetic/under-200-robux/
Aesthetic,Under 200 Robux,6,190,Pants,5197702014,Cute ripped Jeans Y2k aesthetic vintage girl ok,5,https://robloxoutfits.net/outfits/aesthetic/under-200-robux/
Aesthetic,Under 200 Robux,6,190,Hair,6005308235,Blonde Aesthetic Curly High Ponytail,85,https://robloxoutfits.net/outfits/aesthetic/under-200-robux/
Aesthetic,Under 200 Robux,6,190,Accessory,5727828084,80s Aesthetic Stickers,95,https://robloxoutfits.net/outfits/aesthetic/under-200-robux/
Aesthetic,Under 200 Robux,7,200,Shirt,5532806467,y2k Black Aesthetic,5,https://robloxoutfits.net/outfits/aesthetic/under-200-robux/
Aesthetic,Under 200 Robux,7,200,Pants,6885458963,christmas y2k cottage core green sage vintage,5,https://robloxoutfits.net/outfits/aesthetic/under-200-robux/
Aesthetic,Under 200 Robux,7,200,Hair,17877340,Beautiful Brown Hair for Beautiful People,95,https://robloxoutfits.net/outfits/aesthetic/under-200-robux/
Aesthetic,Under 200 Robux,7,200,Accessory,6713045385,Pink Hair Flower,95,https://robloxoutfits.net/outfits/aesthetic/under-200-robux/
Aesthetic,Under 200 Robux,8,200,Shirt,5532806467,y2k Black Aesthetic,5,https://robloxoutfits.net/outfits/aesthetic/under-200-robux/
Aesthetic,Under 200 Robux,8,200,Pants,5197702014,Cute ripped Jeans Y2k aesthetic vintage girl ok,5,https://robloxoutfits.net/outfits/aesthetic/under-200-robux/
Aesthetic,Under 200 Robux,8,200,Hair,17877340,Beautiful Brown Hair for Beautiful People,95,https://robloxoutfits.net/outfits/aesthetic/under-200-robux/
Aesthetic,Under 200 Robux,8,200,Accessory,6713045385,Pink Hair Flower,95,https://robloxoutfits.net/outfits/aesthetic/under-200-robux/
Aesthetic,Under 200 Robux,9,105,Shirt,6124931327,❄️Cute White Aesthetic Vintage Winter Christmas,5,https://robloxoutfits.net/outfits/aesthetic/under-200-robux/
Aesthetic,Under 200 Robux,9,105,Pants,6986689009,cottage core dress white preppy xmas Christmas,5,https://robloxoutfits.net/outfits/aesthetic/under-200-robux/
Aesthetic,Under 200 Robux,9,105,Hair,2956239660,Belle Of Belfast Long Red Hair,0,https://robloxoutfits.net/outfits/aesthetic/under-200-robux/
Aesthetic,Under 200 Robux,9,105,Accessory,5830479411,80s Aesthetic Hat,95,https://robloxoutfits.net/outfits/aesthetic/under-200-robux/
Aesthetic,Under 200 Robux,10,105,Shirt,6124931327,❄️Cute White Aesthetic Vintage Winter Christmas,5,https://robloxoutfits.net/outfits/aesthetic/under-200-robux/
Aesthetic,Under 200 Robux,10,105,Pants,6111376717,y2k black jeans ripped aesthetic vintage preppy,5,https://robloxoutfits.net/outfits/aesthetic/under-200-robux/
Aesthetic,Under 200 Robux,10,105,Hair,2956239660,Belle Of Belfast Long Red Hair,0,https://robloxoutfits.net/outfits/aesthetic/under-200-robux/
Aesthetic,Under 200 Robux,10,105,Accessory,5830479411,80s Aesthetic Hat,95,https://robloxoutfits.net/outfits/aesthetic/under-200-robux/
Aesthetic,Under 200 Robux,11,185,Shirt,4876446222,aesthetic trendy sweeten vintage black y2k top,5,https://robloxoutfits.net/outfits/aesthetic/under-200-robux/
Aesthetic,Under 200 Robux,11,185,Pants,6986689009,cottage core dress white preppy xmas Christmas,5,https://robloxoutfits.net/outfits/aesthetic/under-200-robux/
Aesthetic,Under 200 Robux,11,185,Hair,13745548,Cinnamon Hair,80,https://robloxoutfits.net/outfits/aesthetic/under-200-robux/
Aesthetic,Under 200 Robux,11,185,Accessory,5033022878,Soft Aesthetic Hat,95,https://robloxoutfits.net/outfits/aesthetic/under-200-robux/
Aesthetic,Under 200 Robux,12,185,Shirt,4876446222,aesthetic trendy sweeten vintage black y2k top,5,https://robloxoutfits.net/outfits/aesthetic/under-200-robux/
Aesthetic,Under 200 Robux,12,185,Pants,6111376717,y2k black jeans ripped aesthetic vintage preppy,5,https://robloxoutfits.net/outfits/aesthetic/under-200-robux/
Aesthetic,Under 200 Robux,12,185,Hair,13745548,Cinnamon Hair,80,https://robloxoutfits.net/outfits/aesthetic/under-200-robux/
Aesthetic,Under 200 Robux,12,185,Accessory,5033022878,Soft Aesthetic Hat,95,https://robloxoutfits.net/outfits/aesthetic/under-200-robux/
Preppy,Almost free,1,12,Shirt,104364361427987,Pink and yellow preppy checkered top,5,https://robloxoutfits.net/outfits/preppy/almost-free/
Preppy,Almost free,1,12,Pants,6560677472,Preppy Smile Set In Teal! ° ｡˚ ✰,7,https://robloxoutfits.net/outfits/preppy/almost-free/
Preppy,Almost free,1,12,Hair,376526888,Straight Blonde Hair,0,https://robloxoutfits.net/outfits/preppy/almost-free/
Preppy,Almost free,1,12,Accessory,120403221534602,🍀Preppy Pink Bunny Keychain,0,https://robloxoutfits.net/outfits/preppy/almost-free/
Preppy,Almost free,2,12,Shirt,140009393008498,♡︎ _ preppy grey button up blouse,5,https://robloxoutfits.net/outfits/preppy/almost-free/
Preppy,Almost free,2,12,Pants,6560677472,Preppy Smile Set In Teal! ° ｡˚ ✰,7,https://robloxoutfits.net/outfits/preppy/almost-free/
Preppy,Almost free,2,12,Hair,376526888,Straight Blonde Hair,0,https://robloxoutfits.net/outfits/preppy/almost-free/
Preppy,Almost free,2,12,Accessory,120403221534602,🍀Preppy Pink Bunny Keychain,0,https://robloxoutfits.net/outfits/preppy/almost-free/
Preppy,Almost free,3,10,Shirt,104364361427987,Pink and yellow preppy checkered top,5,https://robloxoutfits.net/outfits/preppy/almost-free/
Preppy,Almost free,3,10,Pants,6602926937,✿preppy flamingo swimsuit,5,https://robloxoutfits.net/outfits/preppy/almost-free/
Preppy,Almost free,3,10,Hair,376548738,Brown Charmer Hair,0,https://robloxoutfits.net/outfits/preppy/almost-free/
Preppy,Almost free,3,10,Accessory,134037643076429,Preppy Teal Tie-dye Bear Hood,0,https://robloxoutfits.net/outfits/preppy/almost-free/
Preppy,Almost free,4,10,Shirt,140009393008498,♡︎ _ preppy grey button up blouse,5,https://robloxoutfits.net/outfits/preppy/almost-free/
Preppy,Almost free,4,10,Pants,6602926937,✿preppy flamingo swimsuit,5,https://robloxoutfits.net/outfits/preppy/almost-free/
Preppy,Almost free,4,10,Hair,376548738,Brown Charmer Hair,0,https://robloxoutfits.net/outfits/preppy/almost-free/
Preppy,Almost free,4,10,Accessory,134037643076429,Preppy Teal Tie-dye Bear Hood,0,https://robloxoutfits.net/outfits/preppy/almost-free/
Preppy,Almost free,5,10,Shirt,86879451263144,preppy rainbow boho 🌈,5,https://robloxoutfits.net/outfits/preppy/almost-free/
Preppy,Almost free,5,10,Pants,129986048940517,💞Preppy x gabs Summer Pink Blue Set🦩✈️,5,https://robloxoutfits.net/outfits/preppy/almost-free/
Preppy,Almost free,5,10,Hair,121272605057599,Long Lasyered Preppy Ponytail Brown,0,https://robloxoutfits.net/outfits/preppy/almost-free/
Preppy,Almost free,6,10,Shirt,112189286628264,white and pink smiley preppy top!,5,https://robloxoutfits.net/outfits/preppy/almost-free/
Preppy,Almost free,6,10,Pants,129986048940517,💞Preppy x gabs Summer Pink Blue Set🦩✈️,5,https://robloxoutfits.net/outfits/preppy/almost-free/
Preppy,Almost free,6,10,Hair,121272605057599,Long Lasyered Preppy Ponytail Brown,0,https://robloxoutfits.net/outfits/preppy/almost-free/
Preppy,Almost free,7,10,Shirt,86879451263144,preppy rainbow boho 🌈,5,https://robloxoutfits.net/outfits/preppy/almost-free/
Preppy,Almost free,7,10,Pants,82788112660524,preppy white silk skirt boho,5,https://robloxoutfits.net/outfits/preppy/almost-free/
Preppy,Almost free,7,10,Hair,138117715056095,Preppy Double Bun,0,https://robloxoutfits.net/outfits/preppy/almost-free/
Preppy,Almost free,8,10,Shirt,112189286628264,white and pink smiley preppy top!,5,https://robloxoutfits.net/outfits/preppy/almost-free/
Preppy,Almost free,8,10,Pants,82788112660524,preppy white silk skirt boho,5,https://robloxoutfits.net/outfits/preppy/almost-free/
Preppy,Almost free,8,10,Hair,138117715056095,Preppy Double Bun,0,https://robloxoutfits.net/outfits/preppy/almost-free/
Preppy,Almost free,9,10,Shirt,97091849560824,• preppy smiley face shirt [in set],5,https://robloxoutfits.net/outfits/preppy/almost-free/
Preppy,Almost free,9,10,Pants,6296904294,preppy cottage core vintage plaid dress w socks,5,https://robloxoutfits.net/outfits/preppy/almost-free/
Preppy,Almost free,9,10,Hair,137683398341176,Preppy Soft White Pigtails,0,https://robloxoutfits.net/outfits/preppy/almost-free/
Preppy,Almost free,10,10,Shirt,79827027623099,★🦇°⭑preppy halloween pjs,5,https://robloxoutfits.net/outfits/preppy/almost-free/
Preppy,Almost free,10,10,Pants,6296904294,preppy cottage core vintage plaid dress w socks,5,https://robloxoutfits.net/outfits/preppy/almost-free/
Preppy,Almost free,10,10,Hair,137683398341176,Preppy Soft White Pigtails,0,https://robloxoutfits.net/outfits/preppy/almost-free/
Preppy,Almost free,11,10,Shirt,97091849560824,• preppy smiley face shirt [in set],5,https://robloxoutfits.net/outfits/preppy/almost-free/
Preppy,Almost free,11,10,Pants,8187078621,Preppy Brown Bear Set Argyle Denim Pants,5,https://robloxoutfits.net/outfits/preppy/almost-free/
Preppy,Almost free,11,10,Hair,115142347894031,Preppy Soft Brown Pigtails,0,https://robloxoutfits.net/outfits/preppy/almost-free/
Preppy,Almost free,12,10,Shirt,79827027623099,★🦇°⭑preppy halloween pjs,5,https://robloxoutfits.net/outfits/preppy/almost-free/
Preppy,Almost free,12,10,Pants,8187078621,Preppy Brown Bear Set Argyle Denim Pants,5,https://robloxoutfits.net/outfits/preppy/almost-free/
Preppy,Almost free,12,10,Hair,115142347894031,Preppy Soft Brown Pigtails,0,https://robloxoutfits.net/outfits/preppy/almost-free/
Preppy,Under 50 Robux,1,12,Shirt,104364361427987,Pink and yellow preppy checkered top,5,https://robloxoutfits.net/outfits/preppy/under-50-robux/
Preppy,Under 50 Robux,1,12,Pants,6560677472,Preppy Smile Set In Teal! ° ｡˚ ✰,7,https://robloxoutfits.net/outfits/preppy/under-50-robux/
Preppy,Under 50 Robux,1,12,Hair,376526888,Straight Blonde Hair,0,https://robloxoutfits.net/outfits/preppy/under-50-robux/
Preppy,Under 50 Robux,1,12,Accessory,120403221534602,🍀Preppy Pink Bunny Keychain,0,https://robloxoutfits.net/outfits/preppy/under-50-robux/
Preppy,Under 50 Robux,2,12,Shirt,140009393008498,♡︎ _ preppy grey button up blouse,5,https://robloxoutfits.net/outfits/preppy/under-50-robux/
Preppy,Under 50 Robux,2,12,Pants,6560677472,Preppy Smile Set In Teal! ° ｡˚ ✰,7,https://robloxoutfits.net/outfits/preppy/under-50-robux/
Preppy,Under 50 Robux,2,12,Hair,376526888,Straight Blonde Hair,0,https://robloxoutfits.net/outfits/preppy/under-50-robux/
Preppy,Under 50 Robux,2,12,Accessory,120403221534602,🍀Preppy Pink Bunny Keychain,0,https://robloxoutfits.net/outfits/preppy/under-50-robux/
Preppy,Under 50 Robux,3,10,Shirt,104364361427987,Pink and yellow preppy checkered top,5,https://robloxoutfits.net/outfits/preppy/under-50-robux/
Preppy,Under 50 Robux,3,10,Pants,6602926937,✿preppy flamingo swimsuit,5,https://robloxoutfits.net/outfits/preppy/under-50-robux/
Preppy,Under 50 Robux,3,10,Hair,376548738,Brown Charmer Hair,0,https://robloxoutfits.net/outfits/preppy/under-50-robux/
Preppy,Under 50 Robux,3,10,Accessory,134037643076429,Preppy Teal Tie-dye Bear Hood,0,https://robloxoutfits.net/outfits/preppy/under-50-robux/
Preppy,Under 50 Robux,4,10,Shirt,140009393008498,♡︎ _ preppy grey button up blouse,5,https://robloxoutfits.net/outfits/preppy/under-50-robux/
Preppy,Under 50 Robux,4,10,Pants,6602926937,✿preppy flamingo swimsuit,5,https://robloxoutfits.net/outfits/preppy/under-50-robux/
Preppy,Under 50 Robux,4,10,Hair,376548738,Brown Charmer Hair,0,https://robloxoutfits.net/outfits/preppy/under-50-robux/
Preppy,Under 50 Robux,4,10,Accessory,134037643076429,Preppy Teal Tie-dye Bear Hood,0,https://robloxoutfits.net/outfits/preppy/under-50-robux/
Preppy,Under 50 Robux,5,10,Shirt,86879451263144,preppy rainbow boho 🌈,5,https://robloxoutfits.net/outfits/preppy/under-50-robux/
Preppy,Under 50 Robux,5,10,Pants,129986048940517,💞Preppy x gabs Summer Pink Blue Set🦩✈️,5,https://robloxoutfits.net/outfits/preppy/under-50-robux/
Preppy,Under 50 Robux,5,10,Hair,121272605057599,Long Lasyered Preppy Ponytail Brown,0,https://robloxoutfits.net/outfits/preppy/under-50-robux/
Preppy,Under 50 Robux,6,10,Shirt,112189286628264,white and pink smiley preppy top!,5,https://robloxoutfits.net/outfits/preppy/under-50-robux/
Preppy,Under 50 Robux,6,10,Pants,129986048940517,💞Preppy x gabs Summer Pink Blue Set🦩✈️,5,https://robloxoutfits.net/outfits/preppy/under-50-robux/
Preppy,Under 50 Robux,6,10,Hair,121272605057599,Long Lasyered Preppy Ponytail Brown,0,https://robloxoutfits.net/outfits/preppy/under-50-robux/
Preppy,Under 50 Robux,7,10,Shirt,86879451263144,preppy rainbow boho 🌈,5,https://robloxoutfits.net/outfits/preppy/under-50-robux/
Preppy,Under 50 Robux,7,10,Pants,82788112660524,preppy white silk skirt boho,5,https://robloxoutfits.net/outfits/preppy/under-50-robux/
Preppy,Under 50 Robux,7,10,Hair,138117715056095,Preppy Double Bun,0,https://robloxoutfits.net/outfits/preppy/under-50-robux/
Preppy,Under 50 Robux,8,10,Shirt,112189286628264,white and pink smiley preppy top!,5,https://robloxoutfits.net/outfits/preppy/under-50-robux/
Preppy,Under 50 Robux,8,10,Pants,82788112660524,preppy white silk skirt boho,5,https://robloxoutfits.net/outfits/preppy/under-50-robux/
Preppy,Under 50 Robux,8,10,Hair,138117715056095,Preppy Double Bun,0,https://robloxoutfits.net/outfits/preppy/under-50-robux/
Preppy,Under 50 Robux,9,10,Shirt,97091849560824,• preppy smiley face shirt [in set],5,https://robloxoutfits.net/outfits/preppy/under-50-robux/
Preppy,Under 50 Robux,9,10,Pants,6296904294,preppy cottage core vintage plaid dress w socks,5,https://robloxoutfits.net/outfits/preppy/under-50-robux/
Preppy,Under 50 Robux,9,10,Hair,137683398341176,Preppy Soft White Pigtails,0,https://robloxoutfits.net/outfits/preppy/under-50-robux/
Preppy,Under 50 Robux,10,10,Shirt,79827027623099,★🦇°⭑preppy halloween pjs,5,https://robloxoutfits.net/outfits/preppy/under-50-robux/
Preppy,Under 50 Robux,10,10,Pants,6296904294,preppy cottage core vintage plaid dress w socks,5,https://robloxoutfits.net/outfits/preppy/under-50-robux/
Preppy,Under 50 Robux,10,10,Hair,137683398341176,Preppy Soft White Pigtails,0,https://robloxoutfits.net/outfits/preppy/under-50-robux/
Preppy,Under 50 Robux,11,10,Shirt,97091849560824,• preppy smiley face shirt [in set],5,https://robloxoutfits.net/outfits/preppy/under-50-robux/
Preppy,Under 50 Robux,11,10,Pants,8187078621,Preppy Brown Bear Set Argyle Denim Pants,5,https://robloxoutfits.net/outfits/preppy/under-50-robux/
Preppy,Under 50 Robux,11,10,Hair,115142347894031,Preppy Soft Brown Pigtails,0,https://robloxoutfits.net/outfits/preppy/under-50-robux/
Preppy,Under 50 Robux,12,10,Shirt,79827027623099,★🦇°⭑preppy halloween pjs,5,https://robloxoutfits.net/outfits/preppy/under-50-robux/
Preppy,Under 50 Robux,12,10,Pants,8187078621,Preppy Brown Bear Set Argyle Denim Pants,5,https://robloxoutfits.net/outfits/preppy/under-50-robux/
Preppy,Under 50 Robux,12,10,Hair,115142347894031,Preppy Soft Brown Pigtails,0,https://robloxoutfits.net/outfits/preppy/under-50-robux/
Preppy,Under 100 Robux,1,12,Shirt,104364361427987,Pink and yellow preppy checkered top,5,https://robloxoutfits.net/outfits/preppy/under-100-robux/
Preppy,Under 100 Robux,1,12,Pants,6560677472,Preppy Smile Set In Teal! ° ｡˚ ✰,7,https://robloxoutfits.net/outfits/preppy/under-100-robux/
Preppy,Under 100 Robux,1,12,Hair,376526888,Straight Blonde Hair,0,https://robloxoutfits.net/outfits/preppy/under-100-robux/
Preppy,Under 100 Robux,1,12,Accessory,120403221534602,🍀Preppy Pink Bunny Keychain,0,https://robloxoutfits.net/outfits/preppy/under-100-robux/
Preppy,Under 100 Robux,2,12,Shirt,140009393008498,♡︎ _ preppy grey button up blouse,5,https://robloxoutfits.net/outfits/preppy/under-100-robux/
Preppy,Under 100 Robux,2,12,Pants,6560677472,Preppy Smile Set In Teal! ° ｡˚ ✰,7,https://robloxoutfits.net/outfits/preppy/under-100-robux/
Preppy,Under 100 Robux,2,12,Hair,376526888,Straight Blonde Hair,0,https://robloxoutfits.net/outfits/preppy/under-100-robux/
Preppy,Under 100 Robux,2,12,Accessory,120403221534602,🍀Preppy Pink Bunny Keychain,0,https://robloxoutfits.net/outfits/preppy/under-100-robux/
Preppy,Under 100 Robux,3,90,Shirt,104364361427987,Pink and yellow preppy checkered top,5,https://robloxoutfits.net/outfits/preppy/under-100-robux/
Preppy,Under 100 Robux,3,90,Pants,6602926937,✿preppy flamingo swimsuit,5,https://robloxoutfits.net/outfits/preppy/under-100-robux/
Preppy,Under 100 Robux,3,90,Hair,6536289312,Long Blonde Hair,80,https://robloxoutfits.net/outfits/preppy/under-100-robux/
Preppy,Under 100 Robux,3,90,Accessory,134037643076429,Preppy Teal Tie-dye Bear Hood,0,https://robloxoutfits.net/outfits/preppy/under-100-robux/
Preppy,Under 100 Robux,4,90,Shirt,140009393008498,♡︎ _ preppy grey button up blouse,5,https://robloxoutfits.net/outfits/preppy/under-100-robux/
Preppy,Under 100 Robux,4,90,Pants,6602926937,✿preppy flamingo swimsuit,5,https://robloxoutfits.net/outfits/preppy/under-100-robux/
Preppy,Under 100 Robux,4,90,Hair,6536289312,Long Blonde Hair,80,https://robloxoutfits.net/outfits/preppy/under-100-robux/
Preppy,Under 100 Robux,4,90,Accessory,134037643076429,Preppy Teal Tie-dye Bear Hood,0,https://robloxoutfits.net/outfits/preppy/under-100-robux/
Preppy,Under 100 Robux,5,10,Shirt,86879451263144,preppy rainbow boho 🌈,5,https://robloxoutfits.net/outfits/preppy/under-100-robux/
Preppy,Under 100 Robux,5,10,Pants,129986048940517,💞Preppy x gabs Summer Pink Blue Set🦩✈️,5,https://robloxoutfits.net/outfits/preppy/under-100-robux/
Preppy,Under 100 Robux,5,10,Hair,376548738,Brown Charmer Hair,0,https://robloxoutfits.net/outfits/preppy/under-100-robux/
Preppy,Under 100 Robux,6,10,Shirt,112189286628264,white and pink smiley preppy top!,5,https://robloxoutfits.net/outfits/preppy/under-100-robux/
Preppy,Under 100 Robux,6,10,Pants,129986048940517,💞Preppy x gabs Summer Pink Blue Set🦩✈️,5,https://robloxoutfits.net/outfits/preppy/under-100-robux/
Preppy,Under 100 Robux,6,10,Hair,376548738,Brown Charmer Hair,0,https://robloxoutfits.net/outfits/preppy/under-100-robux/
Preppy,Under 100 Robux,7,90,Shirt,86879451263144,preppy rainbow boho 🌈,5,https://robloxoutfits.net/outfits/preppy/under-100-robux/
Preppy,Under 100 Robux,7,90,Pants,82788112660524,preppy white silk skirt boho,5,https://robloxoutfits.net/outfits/preppy/under-100-robux/
Preppy,Under 100 Robux,7,90,Hair,13745548,Cinnamon Hair,80,https://robloxoutfits.net/outfits/preppy/under-100-robux/
Preppy,Under 100 Robux,8,90,Shirt,112189286628264,white and pink smiley preppy top!,5,https://robloxoutfits.net/outfits/preppy/under-100-robux/
Preppy,Under 100 Robux,8,90,Pants,82788112660524,preppy white silk skirt boho,5,https://robloxoutfits.net/outfits/preppy/under-100-robux/
Preppy,Under 100 Robux,8,90,Hair,13745548,Cinnamon Hair,80,https://robloxoutfits.net/outfits/preppy/under-100-robux/
Preppy,Under 100 Robux,9,75,Shirt,97091849560824,• preppy smiley face shirt [in set],5,https://robloxoutfits.net/outfits/preppy/under-100-robux/
Preppy,Under 100 Robux,9,75,Pants,6296904294,preppy cottage core vintage plaid dress w socks,5,https://robloxoutfits.net/outfits/preppy/under-100-robux/
Preppy,Under 100 Robux,9,75,Hair,11597599236,Lush Wavy Hair (Blonde),65,https://robloxoutfits.net/outfits/preppy/under-100-robux/
Preppy,Under 100 Robux,10,75,Shirt,79827027623099,★🦇°⭑preppy halloween pjs,5,https://robloxoutfits.net/outfits/preppy/under-100-robux/
Preppy,Under 100 Robux,10,75,Pants,6296904294,preppy cottage core vintage plaid dress w socks,5,https://robloxoutfits.net/outfits/preppy/under-100-robux/
Preppy,Under 100 Robux,10,75,Hair,11597599236,Lush Wavy Hair (Blonde),65,https://robloxoutfits.net/outfits/preppy/under-100-robux/
Preppy,Under 100 Robux,11,85,Shirt,97091849560824,• preppy smiley face shirt [in set],5,https://robloxoutfits.net/outfits/preppy/under-100-robux/
Preppy,Under 100 Robux,11,85,Pants,8187078621,Preppy Brown Bear Set Argyle Denim Pants,5,https://robloxoutfits.net/outfits/preppy/under-100-robux/
Preppy,Under 100 Robux,11,85,Hair,6522211748,California Girl Blonde Hair,75,https://robloxoutfits.net/outfits/preppy/under-100-robux/
Preppy,Under 100 Robux,12,85,Shirt,79827027623099,★🦇°⭑preppy halloween pjs,5,https://robloxoutfits.net/outfits/preppy/under-100-robux/
Preppy,Under 100 Robux,12,85,Pants,8187078621,Preppy Brown Bear Set Argyle Denim Pants,5,https://robloxoutfits.net/outfits/preppy/under-100-robux/
Preppy,Under 100 Robux,12,85,Hair,6522211748,California Girl Blonde Hair,75,https://robloxoutfits.net/outfits/preppy/under-100-robux/
Preppy,Under 200 Robux,1,107,Shirt,104364361427987,Pink and yellow preppy checkered top,5,https://robloxoutfits.net/outfits/preppy/under-200-robux/
Preppy,Under 200 Robux,1,107,Pants,6560677472,Preppy Smile Set In Teal! ° ｡˚ ✰,7,https://robloxoutfits.net/outfits/preppy/under-200-robux/
Preppy,Under 200 Robux,1,107,Hair,376526888,Straight Blonde Hair,0,https://robloxoutfits.net/outfits/preppy/under-200-robux/
Preppy,Under 200 Robux,1,107,Accessory,114535434198145,Propeller Hat Twisted Preppy Propeler Cap Kidcore,95,https://robloxoutfits.net/outfits/preppy/under-200-robux/
Preppy,Under 200 Robux,2,107,Shirt,140009393008498,♡︎ _ preppy grey button up blouse,5,https://robloxoutfits.net/outfits/preppy/under-200-robux/
Preppy,Under 200 Robux,2,107,Pants,6560677472,Preppy Smile Set In Teal! ° ｡˚ ✰,7,https://robloxoutfits.net/outfits/preppy/under-200-robux/
Preppy,Under 200 Robux,2,107,Hair,376526888,Straight Blonde Hair,0,https://robloxoutfits.net/outfits/preppy/under-200-robux/
Preppy,Under 200 Robux,2,107,Accessory,114535434198145,Propeller Hat Twisted Preppy Propeler Cap Kidcore,95,https://robloxoutfits.net/outfits/preppy/under-200-robux/
Preppy,Under 200 Robux,3,185,Shirt,104364361427987,Pink and yellow preppy checkered top,5,https://robloxoutfits.net/outfits/preppy/under-200-robux/
Preppy,Under 200 Robux,3,185,Pants,6602926937,✿preppy flamingo swimsuit,5,https://robloxoutfits.net/outfits/preppy/under-200-robux/
Preppy,Under 200 Robux,3,185,Hair,6536289312,Long Blonde Hair,80,https://robloxoutfits.net/outfits/preppy/under-200-robux/
Preppy,Under 200 Robux,3,185,Accessory,8595649196,Aesthetic Preppy Cowgirl Hat,95,https://robloxoutfits.net/outfits/preppy/under-200-robux/
Preppy,Under 200 Robux,4,185,Shirt,140009393008498,♡︎ _ preppy grey button up blouse,5,https://robloxoutfits.net/outfits/preppy/under-200-robux/
Preppy,Under 200 Robux,4,185,Pants,6602926937,✿preppy flamingo swimsuit,5,https://robloxoutfits.net/outfits/preppy/under-200-robux/
Preppy,Under 200 Robux,4,185,Hair,6536289312,Long Blonde Hair,80,https://robloxoutfits.net/outfits/preppy/under-200-robux/
Preppy,Under 200 Robux,4,185,Accessory,8595649196,Aesthetic Preppy Cowgirl Hat,95,https://robloxoutfits.net/outfits/preppy/under-200-robux/
Preppy,Under 200 Robux,5,10,Shirt,86879451263144,preppy rainbow boho 🌈,5,https://robloxoutfits.net/outfits/preppy/under-200-robux/
Preppy,Under 200 Robux,5,10,Pants,129986048940517,💞Preppy x gabs Summer Pink Blue Set🦩✈️,5,https://robloxoutfits.net/outfits/preppy/under-200-robux/
Preppy,Under 200 Robux,5,10,Hair,376548738,Brown Charmer Hair,0,https://robloxoutfits.net/outfits/preppy/under-200-robux/
Preppy,Under 200 Robux,5,10,Accessory,120403221534602,🍀Preppy Pink Bunny Keychain,0,https://robloxoutfits.net/outfits/preppy/under-200-robux/
Preppy,Under 200 Robux,6,10,Shirt,112189286628264,white and pink smiley preppy top!,5,https://robloxoutfits.net/outfits/preppy/under-200-robux/
Preppy,Under 200 Robux,6,10,Pants,129986048940517,💞Preppy x gabs Summer Pink Blue Set🦩✈️,5,https://robloxoutfits.net/outfits/preppy/under-200-robux/
Preppy,Under 200 Robux,6,10,Hair,376548738,Brown Charmer Hair,0,https://robloxoutfits.net/outfits/preppy/under-200-robux/
Preppy,Under 200 Robux,6,10,Accessory,120403221534602,🍀Preppy Pink Bunny Keychain,0,https://robloxoutfits.net/outfits/preppy/under-200-robux/
Preppy,Under 200 Robux,7,90,Shirt,86879451263144,preppy rainbow boho 🌈,5,https://robloxoutfits.net/outfits/preppy/under-200-robux/
Preppy,Under 200 Robux,7,90,Pants,82788112660524,preppy white silk skirt boho,5,https://robloxoutfits.net/outfits/preppy/under-200-robux/
Preppy,Under 200 Robux,7,90,Hair,13745548,Cinnamon Hair,80,https://robloxoutfits.net/outfits/preppy/under-200-robux/
Preppy,Under 200 Robux,7,90,Accessory,134037643076429,Preppy Teal Tie-dye Bear Hood,0,https://robloxoutfits.net/outfits/preppy/under-200-robux/
Preppy,Under 200 Robux,8,90,Shirt,112189286628264,white and pink smiley preppy top!,5,https://robloxoutfits.net/outfits/preppy/under-200-robux/
Preppy,Under 200 Robux,8,90,Pants,82788112660524,preppy white silk skirt boho,5,https://robloxoutfits.net/outfits/preppy/under-200-robux/
Preppy,Under 200 Robux,8,90,Hair,13745548,Cinnamon Hair,80,https://robloxoutfits.net/outfits/preppy/under-200-robux/
Preppy,Under 200 Robux,8,90,Accessory,134037643076429,Preppy Teal Tie-dye Bear Hood,0,https://robloxoutfits.net/outfits/preppy/under-200-robux/
Preppy,Under 200 Robux,9,75,Shirt,97091849560824,• preppy smiley face shirt [in set],5,https://robloxoutfits.net/outfits/preppy/under-200-robux/
Preppy,Under 200 Robux,9,75,Pants,6296904294,preppy cottage core vintage plaid dress w socks,5,https://robloxoutfits.net/outfits/preppy/under-200-robux/
Preppy,Under 200 Robux,9,75,Hair,11597599236,Lush Wavy Hair (Blonde),65,https://robloxoutfits.net/outfits/preppy/under-200-robux/
Preppy,Under 200 Robux,10,75,Shirt,79827027623099,★🦇°⭑preppy halloween pjs,5,https://robloxoutfits.net/outfits/preppy/under-200-robux/
Preppy,Under 200 Robux,10,75,Pants,6296904294,preppy cottage core vintage plaid dress w socks,5,https://robloxoutfits.net/outfits/preppy/under-200-robux/
Preppy,Under 200 Robux,10,75,Hair,11597599236,Lush Wavy Hair (Blonde),65,https://robloxoutfits.net/outfits/preppy/under-200-robux/
Preppy,Under 200 Robux,11,85,Shirt,97091849560824,• preppy smiley face shirt [in set],5,https://robloxoutfits.net/outfits/preppy/under-200-robux/
Preppy,Under 200 Robux,11,85,Pants,8187078621,Preppy Brown Bear Set Argyle Denim Pants,5,https://robloxoutfits.net/outfits/preppy/under-200-robux/
Preppy,Under 200 Robux,11,85,Hair,6522211748,California Girl Blonde Hair,75,https://robloxoutfits.net/outfits/preppy/under-200-robux/
Preppy,Under 200 Robux,12,85,Shirt,79827027623099,★🦇°⭑preppy halloween pjs,5,https://robloxoutfits.net/outfits/preppy/under-200-robux/
Preppy,Under 200 Robux,12,85,Pants,8187078621,Preppy Brown Bear Set Argyle Denim Pants,5,https://robloxoutfits.net/outfits/preppy/under-200-robux/
Preppy,Under 200 Robux,12,85,Hair,6522211748,California Girl Blonde Hair,75,https://robloxoutfits.net/outfits/preppy/under-200-robux/
Emo,Almost free,1,10,Shirt,9580459045,Emo,5,https://robloxoutfits.net/outfits/emo/almost-free/
Emo,Almost free,1,10,Pants,5246950670,[ORIG] skirt + convers boots envy y2k vamp emo,5,https://robloxoutfits.net/outfits/emo/almost-free/
Emo,Almost free,1,10,Hair,376524487,Blonde Spiked Hair,0,https://robloxoutfits.net/outfits/emo/almost-free/
Emo,Almost free,1,10,Accessory,100096033568762,[Free] Emo Girl Avatar Bundle Shoulder,0,https://robloxoutfits.net/outfits/emo/almost-free/
Emo,Almost free,2,10,Shirt,76660518022322,Shrek Emo Girl shirt,5,https://robloxoutfits.net/outfits/emo/almost-free/
Emo,Almost free,2,10,Pants,5246950670,[ORIG] skirt + convers boots envy y2k vamp emo,5,https://robloxoutfits.net/outfits/emo/almost-free/
Emo,Almost free,2,10,Hair,376524487,Blonde Spiked Hair,0,https://robloxoutfits.net/outfits/emo/almost-free/
Emo,Almost free,2,10,Accessory,100096033568762,[Free] Emo Girl Avatar Bundle Shoulder,0,https://robloxoutfits.net/outfits/emo/almost-free/
Emo,Almost free,3,10,Shirt,9580459045,Emo,5,https://robloxoutfits.net/outfits/emo/almost-free/
Emo,Almost free,3,10,Pants,15439791458,y2k white star da hood jeans outfit vkei,5,https://robloxoutfits.net/outfits/emo/almost-free/
Emo,Almost free,3,10,Hair,125938061949995,Long Wispy Emo Hair in Blushed Rose,0,https://robloxoutfits.net/outfits/emo/almost-free/
Emo,Almost free,3,10,Accessory,85616611886964,Emo Boy Avatar,0,https://robloxoutfits.net/outfits/emo/almost-free/
Emo,Almost free,4,10,Shirt,76660518022322,Shrek Emo Girl shirt,5,https://robloxoutfits.net/outfits/emo/almost-free/
Emo,Almost free,4,10,Pants,15439791458,y2k white star da hood jeans outfit vkei,5,https://robloxoutfits.net/outfits/emo/almost-free/
Emo,Almost free,4,10,Hair,125938061949995,Long Wispy Emo Hair in Blushed Rose,0,https://robloxoutfits.net/outfits/emo/almost-free/
Emo,Almost free,4,10,Accessory,85616611886964,Emo Boy Avatar,0,https://robloxoutfits.net/outfits/emo/almost-free/
Emo,Almost free,5,10,Shirt,6382431722,✅ black y2k cross cyber tank da hood emo stripe,5,https://robloxoutfits.net/outfits/emo/almost-free/
Emo,Almost free,5,10,Pants,14474850302,pink star y2k cyber jeans emo da hood cross barbie,5,https://robloxoutfits.net/outfits/emo/almost-free/
Emo,Almost free,5,10,Hair,113263374180058,Emo Boy Hair,0,https://robloxoutfits.net/outfits/emo/almost-free/
Emo,Almost free,5,10,Accessory,80421269080203,Emo girl Avatar,0,https://robloxoutfits.net/outfits/emo/almost-free/
Emo,Almost free,6,10,Shirt,6382431722,✅ black y2k cross cyber tank da hood emo stripe,5,https://robloxoutfits.net/outfits/emo/almost-free/
Emo,Almost free,6,10,Pants,15567957689,y2k graveyard outfit grey silver star vkei,5,https://robloxoutfits.net/outfits/emo/almost-free/
Emo,Almost free,6,10,Hair,113263374180058,Emo Boy Hair,0,https://robloxoutfits.net/outfits/emo/almost-free/
Emo,Almost free,6,10,Accessory,80421269080203,Emo girl Avatar,0,https://robloxoutfits.net/outfits/emo/almost-free/
Emo,Almost free,7,12,Shirt,83901968306321,2000 y2k winter emo,7,https://robloxoutfits.net/outfits/emo/almost-free/
Emo,Almost free,7,12,Pants,14474850302,pink star y2k cyber jeans emo da hood cross barbie,5,https://robloxoutfits.net/outfits/emo/almost-free/
Emo,Almost free,7,12,Hair,70402176441675,Emo Wispy Straight Hair (Blueberry Frost),0,https://robloxoutfits.net/outfits/emo/almost-free/
Emo,Almost free,7,12,Accessory,137779016879231,[Free] Emo Boy Avatar Bundle Shoulder,0,https://robloxoutfits.net/outfits/emo/almost-free/
Emo,Almost free,8,12,Shirt,83901968306321,2000 y2k winter emo,7,https://robloxoutfits.net/outfits/emo/almost-free/
Emo,Almost free,8,12,Pants,15567957689,y2k graveyard outfit grey silver star vkei,5,https://robloxoutfits.net/outfits/emo/almost-free/
Emo,Almost free,8,12,Hair,70402176441675,Emo Wispy Straight Hair (Blueberry Frost),0,https://robloxoutfits.net/outfits/emo/almost-free/
Emo,Almost free,8,12,Accessory,137779016879231,[Free] Emo Boy Avatar Bundle Shoulder,0,https://robloxoutfits.net/outfits/emo/almost-free/
Emo,Almost free,9,10,Shirt,125343199877138,Emo Goth Graffiti Black and White,5,https://robloxoutfits.net/outfits/emo/almost-free/
Emo,Almost free,9,10,Pants,6579469815,✅ black y2k cross cyber tank top dahood emo shorts,5,https://robloxoutfits.net/outfits/emo/almost-free/
Emo,Almost free,9,10,Hair,107885137425240,Emo Hair,0,https://robloxoutfits.net/outfits/emo/almost-free/
Emo,Almost free,9,10,Accessory,132307518062268,FREE UGC Emo Girl Avatar Shoulder,0,https://robloxoutfits.net/outfits/emo/almost-free/
Emo,Almost free,10,10,Shirt,129354707237001,Black emo shirt with chains and tattoos,5,https://robloxoutfits.net/outfits/emo/almost-free/
Emo,Almost free,10,10,Pants,6579469815,✅ black y2k cross cyber tank top dahood emo shorts,5,https://robloxoutfits.net/outfits/emo/almost-free/
Emo,Almost free,10,10,Hair,107885137425240,Emo Hair,0,https://robloxoutfits.net/outfits/emo/almost-free/
Emo,Almost free,10,10,Accessory,132307518062268,FREE UGC Emo Girl Avatar Shoulder,0,https://robloxoutfits.net/outfits/emo/almost-free/
Emo,Almost free,11,12,Shirt,125343199877138,Emo Goth Graffiti Black and White,5,https://robloxoutfits.net/outfits/emo/almost-free/
Emo,Almost free,11,12,Pants,127772014704929,y2k america USA emo,7,https://robloxoutfits.net/outfits/emo/almost-free/
Emo,Almost free,11,12,Hair,75875984538615,Layered Emo Girl Hair w/ Horns,0,https://robloxoutfits.net/outfits/emo/almost-free/
Emo,Almost free,11,12,Accessory,94468653039553,Emo Boy Front,0,https://robloxoutfits.net/outfits/emo/almost-free/
Emo,Almost free,12,12,Shirt,129354707237001,Black emo shirt with chains and tattoos,5,https://robloxoutfits.net/outfits/emo/almost-free/
Emo,Almost free,12,12,Pants,127772014704929,y2k america USA emo,7,https://robloxoutfits.net/outfits/emo/almost-free/
Emo,Almost free,12,12,Hair,75875984538615,Layered Emo Girl Hair w/ Horns,0,https://robloxoutfits.net/outfits/emo/almost-free/
Emo,Almost free,12,12,Accessory,94468653039553,Emo Boy Front,0,https://robloxoutfits.net/outfits/emo/almost-free/
Emo,Under 50 Robux,1,10,Shirt,9580459045,Emo,5,https://robloxoutfits.net/outfits/emo/under-50-robux/
Emo,Under 50 Robux,1,10,Pants,5246950670,[ORIG] skirt + convers boots envy y2k vamp emo,5,https://robloxoutfits.net/outfits/emo/under-50-robux/
Emo,Under 50 Robux,1,10,Hair,376524487,Blonde Spiked Hair,0,https://robloxoutfits.net/outfits/emo/under-50-robux/
Emo,Under 50 Robux,1,10,Accessory,100096033568762,[Free] Emo Girl Avatar Bundle Shoulder,0,https://robloxoutfits.net/outfits/emo/under-50-robux/
Emo,Under 50 Robux,2,10,Shirt,76660518022322,Shrek Emo Girl shirt,5,https://robloxoutfits.net/outfits/emo/under-50-robux/
Emo,Under 50 Robux,2,10,Pants,5246950670,[ORIG] skirt + convers boots envy y2k vamp emo,5,https://robloxoutfits.net/outfits/emo/under-50-robux/
Emo,Under 50 Robux,2,10,Hair,376524487,Blonde Spiked Hair,0,https://robloxoutfits.net/outfits/emo/under-50-robux/
Emo,Under 50 Robux,2,10,Accessory,100096033568762,[Free] Emo Girl Avatar Bundle Shoulder,0,https://robloxoutfits.net/outfits/emo/under-50-robux/
Emo,Under 50 Robux,3,10,Shirt,9580459045,Emo,5,https://robloxoutfits.net/outfits/emo/under-50-robux/
Emo,Under 50 Robux,3,10,Pants,15439791458,y2k white star da hood jeans outfit vkei,5,https://robloxoutfits.net/outfits/emo/under-50-robux/
Emo,Under 50 Robux,3,10,Hair,125938061949995,Long Wispy Emo Hair in Blushed Rose,0,https://robloxoutfits.net/outfits/emo/under-50-robux/
Emo,Under 50 Robux,3,10,Accessory,85616611886964,Emo Boy Avatar,0,https://robloxoutfits.net/outfits/emo/under-50-robux/
Emo,Under 50 Robux,4,10,Shirt,76660518022322,Shrek Emo Girl shirt,5,https://robloxoutfits.net/outfits/emo/under-50-robux/
Emo,Under 50 Robux,4,10,Pants,15439791458,y2k white star da hood jeans outfit vkei,5,https://robloxoutfits.net/outfits/emo/under-50-robux/
Emo,Under 50 Robux,4,10,Hair,125938061949995,Long Wispy Emo Hair in Blushed Rose,0,https://robloxoutfits.net/outfits/emo/under-50-robux/
Emo,Under 50 Robux,4,10,Accessory,85616611886964,Emo Boy Avatar,0,https://robloxoutfits.net/outfits/emo/under-50-robux/
Emo,Under 50 Robux,5,10,Shirt,6382431722,✅ black y2k cross cyber tank da hood emo stripe,5,https://robloxoutfits.net/outfits/emo/under-50-robux/
Emo,Under 50 Robux,5,10,Pants,14474850302,pink star y2k cyber jeans emo da hood cross barbie,5,https://robloxoutfits.net/outfits/emo/under-50-robux/
Emo,Under 50 Robux,5,10,Hair,113263374180058,Emo Boy Hair,0,https://robloxoutfits.net/outfits/emo/under-50-robux/
Emo,Under 50 Robux,5,10,Accessory,80421269080203,Emo girl Avatar,0,https://robloxoutfits.net/outfits/emo/under-50-robux/
Emo,Under 50 Robux,6,10,Shirt,6382431722,✅ black y2k cross cyber tank da hood emo stripe,5,https://robloxoutfits.net/outfits/emo/under-50-robux/
Emo,Under 50 Robux,6,10,Pants,15567957689,y2k graveyard outfit grey silver star vkei,5,https://robloxoutfits.net/outfits/emo/under-50-robux/
Emo,Under 50 Robux,6,10,Hair,113263374180058,Emo Boy Hair,0,https://robloxoutfits.net/outfits/emo/under-50-robux/
Emo,Under 50 Robux,6,10,Accessory,80421269080203,Emo girl Avatar,0,https://robloxoutfits.net/outfits/emo/under-50-robux/
Emo,Under 50 Robux,7,12,Shirt,83901968306321,2000 y2k winter emo,7,https://robloxoutfits.net/outfits/emo/under-50-robux/
Emo,Under 50 Robux,7,12,Pants,14474850302,pink star y2k cyber jeans emo da hood cross barbie,5,https://robloxoutfits.net/outfits/emo/under-50-robux/
Emo,Under 50 Robux,7,12,Hair,70402176441675,Emo Wispy Straight Hair (Blueberry Frost),0,https://robloxoutfits.net/outfits/emo/under-50-robux/
Emo,Under 50 Robux,7,12,Accessory,137779016879231,[Free] Emo Boy Avatar Bundle Shoulder,0,https://robloxoutfits.net/outfits/emo/under-50-robux/
Emo,Under 50 Robux,8,12,Shirt,83901968306321,2000 y2k winter emo,7,https://robloxoutfits.net/outfits/emo/under-50-robux/
Emo,Under 50 Robux,8,12,Pants,15567957689,y2k graveyard outfit grey silver star vkei,5,https://robloxoutfits.net/outfits/emo/under-50-robux/
Emo,Under 50 Robux,8,12,Hair,70402176441675,Emo Wispy Straight Hair (Blueberry Frost),0,https://robloxoutfits.net/outfits/emo/under-50-robux/
Emo,Under 50 Robux,8,12,Accessory,137779016879231,[Free] Emo Boy Avatar Bundle Shoulder,0,https://robloxoutfits.net/outfits/emo/under-50-robux/
Emo,Under 50 Robux,9,10,Shirt,125343199877138,Emo Goth Graffiti Black and White,5,https://robloxoutfits.net/outfits/emo/under-50-robux/
Emo,Under 50 Robux,9,10,Pants,6579469815,✅ black y2k cross cyber tank top dahood emo shorts,5,https://robloxoutfits.net/outfits/emo/under-50-robux/
Emo,Under 50 Robux,9,10,Hair,107885137425240,Emo Hair,0,https://robloxoutfits.net/outfits/emo/under-50-robux/
Emo,Under 50 Robux,9,10,Accessory,132307518062268,FREE UGC Emo Girl Avatar Shoulder,0,https://robloxoutfits.net/outfits/emo/under-50-robux/
Emo,Under 50 Robux,10,10,Shirt,129354707237001,Black emo shirt with chains and tattoos,5,https://robloxoutfits.net/outfits/emo/under-50-robux/
Emo,Under 50 Robux,10,10,Pants,6579469815,✅ black y2k cross cyber tank top dahood emo shorts,5,https://robloxoutfits.net/outfits/emo/under-50-robux/
Emo,Under 50 Robux,10,10,Hair,107885137425240,Emo Hair,0,https://robloxoutfits.net/outfits/emo/under-50-robux/
Emo,Under 50 Robux,10,10,Accessory,132307518062268,FREE UGC Emo Girl Avatar Shoulder,0,https://robloxoutfits.net/outfits/emo/under-50-robux/
Emo,Under 50 Robux,11,12,Shirt,125343199877138,Emo Goth Graffiti Black and White,5,https://robloxoutfits.net/outfits/emo/under-50-robux/
Emo,Under 50 Robux,11,12,Pants,127772014704929,y2k america USA emo,7,https://robloxoutfits.net/outfits/emo/under-50-robux/
Emo,Under 50 Robux,11,12,Hair,75875984538615,Layered Emo Girl Hair w/ Horns,0,https://robloxoutfits.net/outfits/emo/under-50-robux/
Emo,Under 50 Robux,11,12,Accessory,94468653039553,Emo Boy Front,0,https://robloxoutfits.net/outfits/emo/under-50-robux/
Emo,Under 50 Robux,12,12,Shirt,129354707237001,Black emo shirt with chains and tattoos,5,https://robloxoutfits.net/outfits/emo/under-50-robux/
Emo,Under 50 Robux,12,12,Pants,127772014704929,y2k america USA emo,7,https://robloxoutfits.net/outfits/emo/under-50-robux/
Emo,Under 50 Robux,12,12,Hair,75875984538615,Layered Emo Girl Hair w/ Horns,0,https://robloxoutfits.net/outfits/emo/under-50-robux/
Emo,Under 50 Robux,12,12,Accessory,94468653039553,Emo Boy Front,0,https://robloxoutfits.net/outfits/emo/under-50-robux/
Emo,Under 100 Robux,1,65,Shirt,9580459045,Emo,5,https://robloxoutfits.net/outfits/emo/under-100-robux/
Emo,Under 100 Robux,1,65,Pants,5246950670,[ORIG] skirt + convers boots envy y2k vamp emo,5,https://robloxoutfits.net/outfits/emo/under-100-robux/
Emo,Under 100 Robux,1,65,Hair,376524487,Blonde Spiked Hair,0,https://robloxoutfits.net/outfits/emo/under-100-robux/
Emo,Under 100 Robux,1,65,Accessory,17285777146,Emo Collar  + Chained Tie 3.0,55,https://robloxoutfits.net/outfits/emo/under-100-robux/
Emo,Under 100 Robux,2,65,Shirt,76660518022322,Shrek Emo Girl shirt,5,https://robloxoutfits.net/outfits/emo/under-100-robux/
Emo,Under 100 Robux,2,65,Pants,5246950670,[ORIG] skirt + convers boots envy y2k vamp emo,5,https://robloxoutfits.net/outfits/emo/under-100-robux/
Emo,Under 100 Robux,2,65,Hair,376524487,Blonde Spiked Hair,0,https://robloxoutfits.net/outfits/emo/under-100-robux/
Emo,Under 100 Robux,2,65,Accessory,17285777146,Emo Collar  + Chained Tie 3.0,55,https://robloxoutfits.net/outfits/emo/under-100-robux/
Emo,Under 100 Robux,3,90,Shirt,9580459045,Emo,5,https://robloxoutfits.net/outfits/emo/under-100-robux/
Emo,Under 100 Robux,3,90,Pants,15439791458,y2k white star da hood jeans outfit vkei,5,https://robloxoutfits.net/outfits/emo/under-100-robux/
Emo,Under 100 Robux,3,90,Hair,5891039736,Black Anime Hair,80,https://robloxoutfits.net/outfits/emo/under-100-robux/
Emo,Under 100 Robux,3,90,Accessory,100096033568762,[Free] Emo Girl Avatar Bundle Shoulder,0,https://robloxoutfits.net/outfits/emo/under-100-robux/
Emo,Under 100 Robux,4,90,Shirt,76660518022322,Shrek Emo Girl shirt,5,https://robloxoutfits.net/outfits/emo/under-100-robux/
Emo,Under 100 Robux,4,90,Pants,15439791458,y2k white star da hood jeans outfit vkei,5,https://robloxoutfits.net/outfits/emo/under-100-robux/
Emo,Under 100 Robux,4,90,Hair,5891039736,Black Anime Hair,80,https://robloxoutfits.net/outfits/emo/under-100-robux/
Emo,Under 100 Robux,4,90,Accessory,100096033568762,[Free] Emo Girl Avatar Bundle Shoulder,0,https://robloxoutfits.net/outfits/emo/under-100-robux/
Emo,Under 100 Robux,5,10,Shirt,6382431722,✅ black y2k cross cyber tank da hood emo stripe,5,https://robloxoutfits.net/outfits/emo/under-100-robux/
Emo,Under 100 Robux,5,10,Pants,14474850302,pink star y2k cyber jeans emo da hood cross barbie,5,https://robloxoutfits.net/outfits/emo/under-100-robux/
Emo,Under 100 Robux,5,10,Hair,125938061949995,Long Wispy Emo Hair in Blushed Rose,0,https://robloxoutfits.net/outfits/emo/under-100-robux/
Emo,Under 100 Robux,5,10,Accessory,85616611886964,Emo Boy Avatar,0,https://robloxoutfits.net/outfits/emo/under-100-robux/
Emo,Under 100 Robux,6,10,Shirt,6382431722,✅ black y2k cross cyber tank da hood emo stripe,5,https://robloxoutfits.net/outfits/emo/under-100-robux/
Emo,Under 100 Robux,6,10,Pants,15567957689,y2k graveyard outfit grey silver star vkei,5,https://robloxoutfits.net/outfits/emo/under-100-robux/
Emo,Under 100 Robux,6,10,Hair,125938061949995,Long Wispy Emo Hair in Blushed Rose,0,https://robloxoutfits.net/outfits/emo/under-100-robux/
Emo,Under 100 Robux,6,10,Accessory,85616611886964,Emo Boy Avatar,0,https://robloxoutfits.net/outfits/emo/under-100-robux/
Emo,Under 100 Robux,7,12,Shirt,83901968306321,2000 y2k winter emo,7,https://robloxoutfits.net/outfits/emo/under-100-robux/
Emo,Under 100 Robux,7,12,Pants,14474850302,pink star y2k cyber jeans emo da hood cross barbie,5,https://robloxoutfits.net/outfits/emo/under-100-robux/
Emo,Under 100 Robux,7,12,Hair,113263374180058,Emo Boy Hair,0,https://robloxoutfits.net/outfits/emo/under-100-robux/
Emo,Under 100 Robux,7,12,Accessory,80421269080203,Emo girl Avatar,0,https://robloxoutfits.net/outfits/emo/under-100-robux/
Emo,Under 100 Robux,8,12,Shirt,83901968306321,2000 y2k winter emo,7,https://robloxoutfits.net/outfits/emo/under-100-robux/
Emo,Under 100 Robux,8,12,Pants,15567957689,y2k graveyard outfit grey silver star vkei,5,https://robloxoutfits.net/outfits/emo/under-100-robux/
Emo,Under 100 Robux,8,12,Hair,113263374180058,Emo Boy Hair,0,https://robloxoutfits.net/outfits/emo/under-100-robux/
Emo,Under 100 Robux,8,12,Accessory,80421269080203,Emo girl Avatar,0,https://robloxoutfits.net/outfits/emo/under-100-robux/
Emo,Under 100 Robux,9,10,Shirt,125343199877138,Emo Goth Graffiti Black and White,5,https://robloxoutfits.net/outfits/emo/under-100-robux/
Emo,Under 100 Robux,9,10,Pants,6579469815,✅ black y2k cross cyber tank top dahood emo shorts,5,https://robloxoutfits.net/outfits/emo/under-100-robux/
Emo,Under 100 Robux,9,10,Hair,70402176441675,Emo Wispy Straight Hair (Blueberry Frost),0,https://robloxoutfits.net/outfits/emo/under-100-robux/
Emo,Under 100 Robux,9,10,Accessory,137779016879231,[Free] Emo Boy Avatar Bundle Shoulder,0,https://robloxoutfits.net/outfits/emo/under-100-robux/
Emo,Under 100 Robux,10,10,Shirt,129354707237001,Black emo shirt with chains and tattoos,5,https://robloxoutfits.net/outfits/emo/under-100-robux/
Emo,Under 100 Robux,10,10,Pants,6579469815,✅ black y2k cross cyber tank top dahood emo shorts,5,https://robloxoutfits.net/outfits/emo/under-100-robux/
Emo,Under 100 Robux,10,10,Hair,70402176441675,Emo Wispy Straight Hair (Blueberry Frost),0,https://robloxoutfits.net/outfits/emo/under-100-robux/
Emo,Under 100 Robux,10,10,Accessory,137779016879231,[Free] Emo Boy Avatar Bundle Shoulder,0,https://robloxoutfits.net/outfits/emo/under-100-robux/
Emo,Under 100 Robux,11,12,Shirt,125343199877138,Emo Goth Graffiti Black and White,5,https://robloxoutfits.net/outfits/emo/under-100-robux/
Emo,Under 100 Robux,11,12,Pants,127772014704929,y2k america USA emo,7,https://robloxoutfits.net/outfits/emo/under-100-robux/
Emo,Under 100 Robux,11,12,Hair,107885137425240,Emo Hair,0,https://robloxoutfits.net/outfits/emo/under-100-robux/
Emo,Under 100 Robux,11,12,Accessory,132307518062268,FREE UGC Emo Girl Avatar Shoulder,0,https://robloxoutfits.net/outfits/emo/under-100-robux/
Emo,Under 100 Robux,12,12,Shirt,129354707237001,Black emo shirt with chains and tattoos,5,https://robloxoutfits.net/outfits/emo/under-100-robux/
Emo,Under 100 Robux,12,12,Pants,127772014704929,y2k america USA emo,7,https://robloxoutfits.net/outfits/emo/under-100-robux/
Emo,Under 100 Robux,12,12,Hair,107885137425240,Emo Hair,0,https://robloxoutfits.net/outfits/emo/under-100-robux/
Emo,Under 100 Robux,12,12,Accessory,132307518062268,FREE UGC Emo Girl Avatar Shoulder,0,https://robloxoutfits.net/outfits/emo/under-100-robux/
Emo,Under 200 Robux,1,105,Shirt,9580459045,Emo,5,https://robloxoutfits.net/outfits/emo/under-200-robux/
Emo,Under 200 Robux,1,105,Pants,5246950670,[ORIG] skirt + convers boots envy y2k vamp emo,5,https://robloxoutfits.net/outfits/emo/under-200-robux/
Emo,Under 200 Robux,1,105,Hair,376524487,Blonde Spiked Hair,0,https://robloxoutfits.net/outfits/emo/under-200-robux/
Emo,Under 200 Robux,1,105,Accessory,18904575806,SB Emo Headscarf,95,https://robloxoutfits.net/outfits/emo/under-200-robux/
Emo,Under 200 Robux,2,105,Shirt,76660518022322,Shrek Emo Girl shirt,5,https://robloxoutfits.net/outfits/emo/under-200-robux/
Emo,Under 200 Robux,2,105,Pants,5246950670,[ORIG] skirt + convers boots envy y2k vamp emo,5,https://robloxoutfits.net/outfits/emo/under-200-robux/
Emo,Under 200 Robux,2,105,Hair,376524487,Blonde Spiked Hair,0,https://robloxoutfits.net/outfits/emo/under-200-robux/
Emo,Under 200 Robux,2,105,Accessory,18904575806,SB Emo Headscarf,95,https://robloxoutfits.net/outfits/emo/under-200-robux/
Emo,Under 200 Robux,3,185,Shirt,9580459045,Emo,5,https://robloxoutfits.net/outfits/emo/under-200-robux/
Emo,Under 200 Robux,3,185,Pants,15439791458,y2k white star da hood jeans outfit vkei,5,https://robloxoutfits.net/outfits/emo/under-200-robux/
Emo,Under 200 Robux,3,185,Hair,5891039736,Black Anime Hair,80,https://robloxoutfits.net/outfits/emo/under-200-robux/
Emo,Under 200 Robux,3,185,Accessory,7605259587,Halloween Skull Hair Clips White,95,https://robloxoutfits.net/outfits/emo/under-200-robux/
Emo,Under 200 Robux,4,185,Shirt,76660518022322,Shrek Emo Girl shirt,5,https://robloxoutfits.net/outfits/emo/under-200-robux/
Emo,Under 200 Robux,4,185,Pants,15439791458,y2k white star da hood jeans outfit vkei,5,https://robloxoutfits.net/outfits/emo/under-200-robux/
Emo,Under 200 Robux,4,185,Hair,5891039736,Black Anime Hair,80,https://robloxoutfits.net/outfits/emo/under-200-robux/
Emo,Under 200 Robux,4,185,Accessory,7605259587,Halloween Skull Hair Clips White,95,https://robloxoutfits.net/outfits/emo/under-200-robux/
Emo,Under 200 Robux,5,165,Shirt,6382431722,✅ black y2k cross cyber tank da hood emo stripe,5,https://robloxoutfits.net/outfits/emo/under-200-robux/
Emo,Under 200 Robux,5,165,Pants,14474850302,pink star y2k cyber jeans emo da hood cross barbie,5,https://robloxoutfits.net/outfits/emo/under-200-robux/
Emo,Under 200 Robux,5,165,Hair,323476364,Brown Scene Hair,100,https://robloxoutfits.net/outfits/emo/under-200-robux/
Emo,Under 200 Robux,5,165,Accessory,17285777146,Emo Collar  + Chained Tie 3.0,55,https://robloxoutfits.net/outfits/emo/under-200-robux/
Emo,Under 200 Robux,6,165,Shirt,6382431722,✅ black y2k cross cyber tank da hood emo stripe,5,https://robloxoutfits.net/outfits/emo/under-200-robux/
Emo,Under 200 Robux,6,165,Pants,15567957689,y2k graveyard outfit grey silver star vkei,5,https://robloxoutfits.net/outfits/emo/under-200-robux/
Emo,Under 200 Robux,6,165,Hair,323476364,Brown Scene Hair,100,https://robloxoutfits.net/outfits/emo/under-200-robux/
Emo,Under 200 Robux,6,165,Accessory,17285777146,Emo Collar  + Chained Tie 3.0,55,https://robloxoutfits.net/outfits/emo/under-200-robux/
Emo,Under 200 Robux,7,12,Shirt,83901968306321,2000 y2k winter emo,7,https://robloxoutfits.net/outfits/emo/under-200-robux/
Emo,Under 200 Robux,7,12,Pants,14474850302,pink star y2k cyber jeans emo da hood cross barbie,5,https://robloxoutfits.net/outfits/emo/under-200-robux/
Emo,Under 200 Robux,7,12,Hair,125938061949995,Long Wispy Emo Hair in Blushed Rose,0,https://robloxoutfits.net/outfits/emo/under-200-robux/
Emo,Under 200 Robux,7,12,Accessory,100096033568762,[Free] Emo Girl Avatar Bundle Shoulder,0,https://robloxoutfits.net/outfits/emo/under-200-robux/
Emo,Under 200 Robux,8,12,Shirt,83901968306321,2000 y2k winter emo,7,https://robloxoutfits.net/outfits/emo/under-200-robux/
Emo,Under 200 Robux,8,12,Pants,15567957689,y2k graveyard outfit grey silver star vkei,5,https://robloxoutfits.net/outfits/emo/under-200-robux/
Emo,Under 200 Robux,8,12,Hair,125938061949995,Long Wispy Emo Hair in Blushed Rose,0,https://robloxoutfits.net/outfits/emo/under-200-robux/
Emo,Under 200 Robux,8,12,Accessory,100096033568762,[Free] Emo Girl Avatar Bundle Shoulder,0,https://robloxoutfits.net/outfits/emo/under-200-robux/
Emo,Under 200 Robux,9,10,Shirt,125343199877138,Emo Goth Graffiti Black and White,5,https://robloxoutfits.net/outfits/emo/under-200-robux/
Emo,Under 200 Robux,9,10,Pants,6579469815,✅ black y2k cross cyber tank top dahood emo shorts,5,https://robloxoutfits.net/outfits/emo/under-200-robux/
Emo,Under 200 Robux,9,10,Hair,113263374180058,Emo Boy Hair,0,https://robloxoutfits.net/outfits/emo/under-200-robux/
Emo,Under 200 Robux,9,10,Accessory,85616611886964,Emo Boy Avatar,0,https://robloxoutfits.net/outfits/emo/under-200-robux/
Emo,Under 200 Robux,10,10,Shirt,129354707237001,Black emo shirt with chains and tattoos,5,https://robloxoutfits.net/outfits/emo/under-200-robux/
Emo,Under 200 Robux,10,10,Pants,6579469815,✅ black y2k cross cyber tank top dahood emo shorts,5,https://robloxoutfits.net/outfits/emo/under-200-robux/
Emo,Under 200 Robux,10,10,Hair,113263374180058,Emo Boy Hair,0,https://robloxoutfits.net/outfits/emo/under-200-robux/
Emo,Under 200 Robux,10,10,Accessory,85616611886964,Emo Boy Avatar,0,https://robloxoutfits.net/outfits/emo/under-200-robux/
Emo,Under 200 Robux,11,12,Shirt,125343199877138,Emo Goth Graffiti Black and White,5,https://robloxoutfits.net/outfits/emo/under-200-robux/
Emo,Under 200 Robux,11,12,Pants,127772014704929,y2k america USA emo,7,https://robloxoutfits.net/outfits/emo/under-200-robux/
Emo,Under 200 Robux,11,12,Hair,70402176441675,Emo Wispy Straight Hair (Blueberry Frost),0,https://robloxoutfits.net/outfits/emo/under-200-robux/
Emo,Under 200 Robux,11,12,Accessory,80421269080203,Emo girl Avatar,0,https://robloxoutfits.net/outfits/emo/under-200-robux/
Emo,Under 200 Robux,12,12,Shirt,129354707237001,Black emo shirt with chains and tattoos,5,https://robloxoutfits.net/outfits/emo/under-200-robux/
Emo,Under 200 Robux,12,12,Pants,127772014704929,y2k america USA emo,7,https://robloxoutfits.net/outfits/emo/under-200-robux/
Emo,Under 200 Robux,12,12,Hair,70402176441675,Emo Wispy Straight Hair (Blueberry Frost),0,https://robloxoutfits.net/outfits/emo/under-200-robux/
Emo,Under 200 Robux,12,12,Accessory,80421269080203,Emo girl Avatar,0,https://robloxoutfits.net/outfits/emo/under-200-robux/
Goth,Almost free,1,0,Shirt,144076358,Blue and Black Motorcycle Shirt,0,https://robloxoutfits.net/outfits/goth/almost-free/
Goth,Almost free,1,0,Pants,398633812,Black Jeans with White Shoes,0,https://robloxoutfits.net/outfits/goth/almost-free/
Goth,Almost free,1,0,Hair,376527350,Black Ponytail,0,https://robloxoutfits.net/outfits/goth/almost-free/
Goth,Almost free,1,0,Accessory,98547644476413,Pink Goth Chained 8-Bit Crown,0,https://robloxoutfits.net/outfits/goth/almost-free/
Goth,Almost free,2,0,Shirt,144076358,Blue and Black Motorcycle Shirt,0,https://robloxoutfits.net/outfits/goth/almost-free/
Goth,Almost free,2,0,Pants,382538503,Black Jeans with Sneakers,0,https://robloxoutfits.net/outfits/goth/almost-free/
Goth,Almost free,2,0,Hair,376527350,Black Ponytail,0,https://robloxoutfits.net/outfits/goth/almost-free/
Goth,Almost free,2,0,Accessory,98547644476413,Pink Goth Chained 8-Bit Crown,0,https://robloxoutfits.net/outfits/goth/almost-free/
Goth,Almost free,3,0,Shirt,382538295,Guitar Tee with Black Jacket,0,https://robloxoutfits.net/outfits/goth/almost-free/
Goth,Almost free,3,0,Pants,398633812,Black Jeans with White Shoes,0,https://robloxoutfits.net/outfits/goth/almost-free/
Goth,Almost free,3,0,Hair,7193442167,Pony Tail - Black,0,https://robloxoutfits.net/outfits/goth/almost-free/
Goth,Almost free,3,0,Accessory,82820104466406,Goth Cowboy Hat with Scarf,0,https://robloxoutfits.net/outfits/goth/almost-free/
Goth,Almost free,4,0,Shirt,382538295,Guitar Tee with Black Jacket,0,https://robloxoutfits.net/outfits/goth/almost-free/
Goth,Almost free,4,0,Pants,382538503,Black Jeans with Sneakers,0,https://robloxoutfits.net/outfits/goth/almost-free/
Goth,Almost free,4,0,Hair,7193442167,Pony Tail - Black,0,https://robloxoutfits.net/outfits/goth/almost-free/
Goth,Almost free,4,0,Accessory,82820104466406,Goth Cowboy Hat with Scarf,0,https://robloxoutfits.net/outfits/goth/almost-free/
Goth,Almost free,5,5,Shirt,110063774764393,Goth,5,https://robloxoutfits.net/outfits/goth/almost-free/
Goth,Almost free,5,5,Pants,382537569,Black Jeans,0,https://robloxoutfits.net/outfits/goth/almost-free/
Goth,Almost free,5,5,Hair,6993754725,Straight Bangs - Black,0,https://robloxoutfits.net/outfits/goth/almost-free/
Goth,Almost free,5,5,Accessory,86234309276443,Goth Super Cloudy Cloudy Cap — FLEX UGC CODE: GOPS,0,https://robloxoutfits.net/outfits/goth/almost-free/
Goth,Almost free,6,5,Shirt,70469845918724,Black Goth Top,5,https://robloxoutfits.net/outfits/goth/almost-free/
Goth,Almost free,6,5,Pants,382537569,Black Jeans,0,https://robloxoutfits.net/outfits/goth/almost-free/
Goth,Almost free,6,5,Hair,6993754725,Straight Bangs - Black,0,https://robloxoutfits.net/outfits/goth/almost-free/
Goth,Almost free,6,5,Accessory,86234309276443,Goth Super Cloudy Cloudy Cap — FLEX UGC CODE: GOPS,0,https://robloxoutfits.net/outfits/goth/almost-free/
Goth,Almost free,7,10,Shirt,110063774764393,Goth,5,https://robloxoutfits.net/outfits/goth/almost-free/
Goth,Almost free,7,10,Pants,7220612603,Black Silk Mini Dress necklace jeans y2k goth,5,https://robloxoutfits.net/outfits/goth/almost-free/
Goth,Almost free,7,10,Hair,107573464938767,Blonde Messy Hair,0,https://robloxoutfits.net/outfits/goth/almost-free/
Goth,Almost free,7,10,Accessory,96141064088441,Purple of Relinquished Goth Top Hat [CODE: PRGTH],0,https://robloxoutfits.net/outfits/goth/almost-free/
Goth,Almost free,8,10,Shirt,70469845918724,Black Goth Top,5,https://robloxoutfits.net/outfits/goth/almost-free/
Goth,Almost free,8,10,Pants,7220612603,Black Silk Mini Dress necklace jeans y2k goth,5,https://robloxoutfits.net/outfits/goth/almost-free/
Goth,Almost free,8,10,Hair,107573464938767,Blonde Messy Hair,0,https://robloxoutfits.net/outfits/goth/almost-free/
Goth,Almost free,8,10,Accessory,96141064088441,Purple of Relinquished Goth Top Hat [CODE: PRGTH],0,https://robloxoutfits.net/outfits/goth/almost-free/
Goth,Almost free,9,10,Shirt,79556613659092,Snow Leopard w Bodysuit Red Goth Femb,5,https://robloxoutfits.net/outfits/goth/almost-free/
Goth,Almost free,9,10,Pants,5246950670,[ORIG] skirt + convers boots envy y2k vamp emo,5,https://robloxoutfits.net/outfits/goth/almost-free/
Goth,Almost free,9,10,Hair,62234425,Brown Hair,0,https://robloxoutfits.net/outfits/goth/almost-free/
Goth,Almost free,9,10,Accessory,70498238301867,The Funeral Party Goth Queen,0,https://robloxoutfits.net/outfits/goth/almost-free/
Goth,Almost free,10,10,Shirt,79556613659092,Snow Leopard w Bodysuit Red Goth Femb,5,https://robloxoutfits.net/outfits/goth/almost-free/
Goth,Almost free,10,10,Pants,6986198004,Black and pink Y2K pretty gothic vamp skirt,5,https://robloxoutfits.net/outfits/goth/almost-free/
Goth,Almost free,10,10,Hair,62234425,Brown Hair,0,https://robloxoutfits.net/outfits/goth/almost-free/
Goth,Almost free,10,10,Accessory,70498238301867,The Funeral Party Goth Queen,0,https://robloxoutfits.net/outfits/goth/almost-free/
Goth,Almost free,11,10,Shirt,125343199877138,Emo Goth Graffiti Black and White,5,https://robloxoutfits.net/outfits/goth/almost-free/
Goth,Almost free,11,10,Pants,5246950670,[ORIG] skirt + convers boots envy y2k vamp emo,5,https://robloxoutfits.net/outfits/goth/almost-free/
Goth,Almost free,11,10,Hair,122614899184757,Black Messy Hair,0,https://robloxoutfits.net/outfits/goth/almost-free/
Goth,Almost free,11,10,Accessory,117022277010244,Leopard Goth Hat,0,https://robloxoutfits.net/outfits/goth/almost-free/
Goth,Almost free,12,10,Shirt,125343199877138,Emo Goth Graffiti Black and White,5,https://robloxoutfits.net/outfits/goth/almost-free/
Goth,Almost free,12,10,Pants,6986198004,Black and pink Y2K pretty gothic vamp skirt,5,https://robloxoutfits.net/outfits/goth/almost-free/
Goth,Almost free,12,10,Hair,122614899184757,Black Messy Hair,0,https://robloxoutfits.net/outfits/goth/almost-free/
Goth,Almost free,12,10,Accessory,117022277010244,Leopard Goth Hat,0,https://robloxoutfits.net/outfits/goth/almost-free/
Goth,Under 50 Robux,1,0,Shirt,144076358,Blue and Black Motorcycle Shirt,0,https://robloxoutfits.net/outfits/goth/under-50-robux/
Goth,Under 50 Robux,1,0,Pants,398633812,Black Jeans with White Shoes,0,https://robloxoutfits.net/outfits/goth/under-50-robux/
Goth,Under 50 Robux,1,0,Hair,376527350,Black Ponytail,0,https://robloxoutfits.net/outfits/goth/under-50-robux/
Goth,Under 50 Robux,1,0,Accessory,98547644476413,Pink Goth Chained 8-Bit Crown,0,https://robloxoutfits.net/outfits/goth/under-50-robux/
Goth,Under 50 Robux,2,0,Shirt,144076358,Blue and Black Motorcycle Shirt,0,https://robloxoutfits.net/outfits/goth/under-50-robux/
Goth,Under 50 Robux,2,0,Pants,382538503,Black Jeans with Sneakers,0,https://robloxoutfits.net/outfits/goth/under-50-robux/
Goth,Under 50 Robux,2,0,Hair,376527350,Black Ponytail,0,https://robloxoutfits.net/outfits/goth/under-50-robux/
Goth,Under 50 Robux,2,0,Accessory,98547644476413,Pink Goth Chained 8-Bit Crown,0,https://robloxoutfits.net/outfits/goth/under-50-robux/
Goth,Under 50 Robux,3,0,Shirt,382538295,Guitar Tee with Black Jacket,0,https://robloxoutfits.net/outfits/goth/under-50-robux/
Goth,Under 50 Robux,3,0,Pants,398633812,Black Jeans with White Shoes,0,https://robloxoutfits.net/outfits/goth/under-50-robux/
Goth,Under 50 Robux,3,0,Hair,7193442167,Pony Tail - Black,0,https://robloxoutfits.net/outfits/goth/under-50-robux/
Goth,Under 50 Robux,3,0,Accessory,82820104466406,Goth Cowboy Hat with Scarf,0,https://robloxoutfits.net/outfits/goth/under-50-robux/
Goth,Under 50 Robux,4,0,Shirt,382538295,Guitar Tee with Black Jacket,0,https://robloxoutfits.net/outfits/goth/under-50-robux/
Goth,Under 50 Robux,4,0,Pants,382538503,Black Jeans with Sneakers,0,https://robloxoutfits.net/outfits/goth/under-50-robux/
Goth,Under 50 Robux,4,0,Hair,7193442167,Pony Tail - Black,0,https://robloxoutfits.net/outfits/goth/under-50-robux/
Goth,Under 50 Robux,4,0,Accessory,82820104466406,Goth Cowboy Hat with Scarf,0,https://robloxoutfits.net/outfits/goth/under-50-robux/
Goth,Under 50 Robux,5,5,Shirt,110063774764393,Goth,5,https://robloxoutfits.net/outfits/goth/under-50-robux/
Goth,Under 50 Robux,5,5,Pants,382537569,Black Jeans,0,https://robloxoutfits.net/outfits/goth/under-50-robux/
Goth,Under 50 Robux,5,5,Hair,6993754725,Straight Bangs - Black,0,https://robloxoutfits.net/outfits/goth/under-50-robux/
Goth,Under 50 Robux,5,5,Accessory,86234309276443,Goth Super Cloudy Cloudy Cap — FLEX UGC CODE: GOPS,0,https://robloxoutfits.net/outfits/goth/under-50-robux/
Goth,Under 50 Robux,6,5,Shirt,70469845918724,Black Goth Top,5,https://robloxoutfits.net/outfits/goth/under-50-robux/
Goth,Under 50 Robux,6,5,Pants,382537569,Black Jeans,0,https://robloxoutfits.net/outfits/goth/under-50-robux/
Goth,Under 50 Robux,6,5,Hair,6993754725,Straight Bangs - Black,0,https://robloxoutfits.net/outfits/goth/under-50-robux/
Goth,Under 50 Robux,6,5,Accessory,86234309276443,Goth Super Cloudy Cloudy Cap — FLEX UGC CODE: GOPS,0,https://robloxoutfits.net/outfits/goth/under-50-robux/
Goth,Under 50 Robux,7,10,Shirt,110063774764393,Goth,5,https://robloxoutfits.net/outfits/goth/under-50-robux/
Goth,Under 50 Robux,7,10,Pants,7220612603,Black Silk Mini Dress necklace jeans y2k goth,5,https://robloxoutfits.net/outfits/goth/under-50-robux/
Goth,Under 50 Robux,7,10,Hair,107573464938767,Blonde Messy Hair,0,https://robloxoutfits.net/outfits/goth/under-50-robux/
Goth,Under 50 Robux,7,10,Accessory,96141064088441,Purple of Relinquished Goth Top Hat [CODE: PRGTH],0,https://robloxoutfits.net/outfits/goth/under-50-robux/
Goth,Under 50 Robux,8,10,Shirt,70469845918724,Black Goth Top,5,https://robloxoutfits.net/outfits/goth/under-50-robux/
Goth,Under 50 Robux,8,10,Pants,7220612603,Black Silk Mini Dress necklace jeans y2k goth,5,https://robloxoutfits.net/outfits/goth/under-50-robux/
Goth,Under 50 Robux,8,10,Hair,107573464938767,Blonde Messy Hair,0,https://robloxoutfits.net/outfits/goth/under-50-robux/
Goth,Under 50 Robux,8,10,Accessory,96141064088441,Purple of Relinquished Goth Top Hat [CODE: PRGTH],0,https://robloxoutfits.net/outfits/goth/under-50-robux/
Goth,Under 50 Robux,9,10,Shirt,79556613659092,Snow Leopard w Bodysuit Red Goth Femb,5,https://robloxoutfits.net/outfits/goth/under-50-robux/
Goth,Under 50 Robux,9,10,Pants,5246950670,[ORIG] skirt + convers boots envy y2k vamp emo,5,https://robloxoutfits.net/outfits/goth/under-50-robux/
Goth,Under 50 Robux,9,10,Hair,62234425,Brown Hair,0,https://robloxoutfits.net/outfits/goth/under-50-robux/
Goth,Under 50 Robux,9,10,Accessory,70498238301867,The Funeral Party Goth Queen,0,https://robloxoutfits.net/outfits/goth/under-50-robux/
Goth,Under 50 Robux,10,10,Shirt,79556613659092,Snow Leopard w Bodysuit Red Goth Femb,5,https://robloxoutfits.net/outfits/goth/under-50-robux/
Goth,Under 50 Robux,10,10,Pants,6986198004,Black and pink Y2K pretty gothic vamp skirt,5,https://robloxoutfits.net/outfits/goth/under-50-robux/
Goth,Under 50 Robux,10,10,Hair,62234425,Brown Hair,0,https://robloxoutfits.net/outfits/goth/under-50-robux/
Goth,Under 50 Robux,10,10,Accessory,70498238301867,The Funeral Party Goth Queen,0,https://robloxoutfits.net/outfits/goth/under-50-robux/
Goth,Under 50 Robux,11,10,Shirt,125343199877138,Emo Goth Graffiti Black and White,5,https://robloxoutfits.net/outfits/goth/under-50-robux/
Goth,Under 50 Robux,11,10,Pants,5246950670,[ORIG] skirt + convers boots envy y2k vamp emo,5,https://robloxoutfits.net/outfits/goth/under-50-robux/
Goth,Under 50 Robux,11,10,Hair,122614899184757,Black Messy Hair,0,https://robloxoutfits.net/outfits/goth/under-50-robux/
Goth,Under 50 Robux,11,10,Accessory,117022277010244,Leopard Goth Hat,0,https://robloxoutfits.net/outfits/goth/under-50-robux/
Goth,Under 50 Robux,12,10,Shirt,125343199877138,Emo Goth Graffiti Black and White,5,https://robloxoutfits.net/outfits/goth/under-50-robux/
Goth,Under 50 Robux,12,10,Pants,6986198004,Black and pink Y2K pretty gothic vamp skirt,5,https://robloxoutfits.net/outfits/goth/under-50-robux/
Goth,Under 50 Robux,12,10,Hair,122614899184757,Black Messy Hair,0,https://robloxoutfits.net/outfits/goth/under-50-robux/
Goth,Under 50 Robux,12,10,Accessory,117022277010244,Leopard Goth Hat,0,https://robloxoutfits.net/outfits/goth/under-50-robux/
Goth,Under 100 Robux,1,95,Shirt,144076358,Blue and Black Motorcycle Shirt,0,https://robloxoutfits.net/outfits/goth/under-100-robux/
Goth,Under 100 Robux,1,95,Pants,398633812,Black Jeans with White Shoes,0,https://robloxoutfits.net/outfits/goth/under-100-robux/
Goth,Under 100 Robux,1,95,Hair,376527350,Black Ponytail,0,https://robloxoutfits.net/outfits/goth/under-100-robux/
Goth,Under 100 Robux,1,95,Accessory,17225320544,Black Goth Captain Hat,95,https://robloxoutfits.net/outfits/goth/under-100-robux/
Goth,Under 100 Robux,2,95,Shirt,144076358,Blue and Black Motorcycle Shirt,0,https://robloxoutfits.net/outfits/goth/under-100-robux/
Goth,Under 100 Robux,2,95,Pants,382538503,Black Jeans with Sneakers,0,https://robloxoutfits.net/outfits/goth/under-100-robux/
Goth,Under 100 Robux,2,95,Hair,376527350,Black Ponytail,0,https://robloxoutfits.net/outfits/goth/under-100-robux/
Goth,Under 100 Robux,2,95,Accessory,17225320544,Black Goth Captain Hat,95,https://robloxoutfits.net/outfits/goth/under-100-robux/
Goth,Under 100 Robux,3,95,Shirt,382538295,Guitar Tee with Black Jacket,0,https://robloxoutfits.net/outfits/goth/under-100-robux/
Goth,Under 100 Robux,3,95,Pants,398633812,Black Jeans with White Shoes,0,https://robloxoutfits.net/outfits/goth/under-100-robux/
Goth,Under 100 Robux,3,95,Hair,7193442167,Pony Tail - Black,0,https://robloxoutfits.net/outfits/goth/under-100-robux/
Goth,Under 100 Robux,3,95,Accessory,6441016373,Goth Beanie,95,https://robloxoutfits.net/outfits/goth/under-100-robux/
Goth,Under 100 Robux,4,95,Shirt,382538295,Guitar Tee with Black Jacket,0,https://robloxoutfits.net/outfits/goth/under-100-robux/
Goth,Under 100 Robux,4,95,Pants,382538503,Black Jeans with Sneakers,0,https://robloxoutfits.net/outfits/goth/under-100-robux/
Goth,Under 100 Robux,4,95,Hair,7193442167,Pony Tail - Black,0,https://robloxoutfits.net/outfits/goth/under-100-robux/
Goth,Under 100 Robux,4,95,Accessory,6441016373,Goth Beanie,95,https://robloxoutfits.net/outfits/goth/under-100-robux/
Goth,Under 100 Robux,5,100,Shirt,110063774764393,Goth,5,https://robloxoutfits.net/outfits/goth/under-100-robux/
Goth,Under 100 Robux,5,100,Pants,382537569,Black Jeans,0,https://robloxoutfits.net/outfits/goth/under-100-robux/
Goth,Under 100 Robux,5,100,Hair,6993754725,Straight Bangs - Black,0,https://robloxoutfits.net/outfits/goth/under-100-robux/
Goth,Under 100 Robux,5,100,Accessory,6742065469,Black Goth Mask,95,https://robloxoutfits.net/outfits/goth/under-100-robux/
Goth,Under 100 Robux,6,100,Shirt,70469845918724,Black Goth Top,5,https://robloxoutfits.net/outfits/goth/under-100-robux/
Goth,Under 100 Robux,6,100,Pants,382537569,Black Jeans,0,https://robloxoutfits.net/outfits/goth/under-100-robux/
Goth,Under 100 Robux,6,100,Hair,6993754725,Straight Bangs - Black,0,https://robloxoutfits.net/outfits/goth/under-100-robux/
Goth,Under 100 Robux,6,100,Accessory,6742065469,Black Goth Mask,95,https://robloxoutfits.net/outfits/goth/under-100-robux/
Goth,Under 100 Robux,7,85,Shirt,110063774764393,Goth,5,https://robloxoutfits.net/outfits/goth/under-100-robux/
Goth,Under 100 Robux,7,85,Pants,7220612603,Black Silk Mini Dress necklace jeans y2k goth,5,https://robloxoutfits.net/outfits/goth/under-100-robux/
Goth,Under 100 Robux,7,85,Hair,107573464938767,Blonde Messy Hair,0,https://robloxoutfits.net/outfits/goth/under-100-robux/
Goth,Under 100 Robux,7,85,Accessory,6065610790,Black Spiky Goth Necklace (3.0),75,https://robloxoutfits.net/outfits/goth/under-100-robux/
Goth,Under 100 Robux,8,85,Shirt,70469845918724,Black Goth Top,5,https://robloxoutfits.net/outfits/goth/under-100-robux/
Goth,Under 100 Robux,8,85,Pants,7220612603,Black Silk Mini Dress necklace jeans y2k goth,5,https://robloxoutfits.net/outfits/goth/under-100-robux/
Goth,Under 100 Robux,8,85,Hair,107573464938767,Blonde Messy Hair,0,https://robloxoutfits.net/outfits/goth/under-100-robux/
Goth,Under 100 Robux,8,85,Accessory,6065610790,Black Spiky Goth Necklace (3.0),75,https://robloxoutfits.net/outfits/goth/under-100-robux/
Goth,Under 100 Robux,9,10,Shirt,79556613659092,Snow Leopard w Bodysuit Red Goth Femb,5,https://robloxoutfits.net/outfits/goth/under-100-robux/
Goth,Under 100 Robux,9,10,Pants,5246950670,[ORIG] skirt + convers boots envy y2k vamp emo,5,https://robloxoutfits.net/outfits/goth/under-100-robux/
Goth,Under 100 Robux,9,10,Hair,62234425,Brown Hair,0,https://robloxoutfits.net/outfits/goth/under-100-robux/
Goth,Under 100 Robux,9,10,Accessory,98547644476413,Pink Goth Chained 8-Bit Crown,0,https://robloxoutfits.net/outfits/goth/under-100-robux/
Goth,Under 100 Robux,10,10,Shirt,79556613659092,Snow Leopard w Bodysuit Red Goth Femb,5,https://robloxoutfits.net/outfits/goth/under-100-robux/
Goth,Under 100 Robux,10,10,Pants,6986198004,Black and pink Y2K pretty gothic vamp skirt,5,https://robloxoutfits.net/outfits/goth/under-100-robux/
Goth,Under 100 Robux,10,10,Hair,62234425,Brown Hair,0,https://robloxoutfits.net/outfits/goth/under-100-robux/
Goth,Under 100 Robux,10,10,Accessory,98547644476413,Pink Goth Chained 8-Bit Crown,0,https://robloxoutfits.net/outfits/goth/under-100-robux/
Goth,Under 100 Robux,11,10,Shirt,125343199877138,Emo Goth Graffiti Black and White,5,https://robloxoutfits.net/outfits/goth/under-100-robux/
Goth,Under 100 Robux,11,10,Pants,5246950670,[ORIG] skirt + convers boots envy y2k vamp emo,5,https://robloxoutfits.net/outfits/goth/under-100-robux/
Goth,Under 100 Robux,11,10,Hair,122614899184757,Black Messy Hair,0,https://robloxoutfits.net/outfits/goth/under-100-robux/
Goth,Under 100 Robux,11,10,Accessory,82820104466406,Goth Cowboy Hat with Scarf,0,https://robloxoutfits.net/outfits/goth/under-100-robux/
Goth,Under 100 Robux,12,10,Shirt,125343199877138,Emo Goth Graffiti Black and White,5,https://robloxoutfits.net/outfits/goth/under-100-robux/
Goth,Under 100 Robux,12,10,Pants,6986198004,Black and pink Y2K pretty gothic vamp skirt,5,https://robloxoutfits.net/outfits/goth/under-100-robux/
Goth,Under 100 Robux,12,10,Hair,122614899184757,Black Messy Hair,0,https://robloxoutfits.net/outfits/goth/under-100-robux/
Goth,Under 100 Robux,12,10,Accessory,82820104466406,Goth Cowboy Hat with Scarf,0,https://robloxoutfits.net/outfits/goth/under-100-robux/
Goth,Under 200 Robux,1,95,Shirt,144076358,Blue and Black Motorcycle Shirt,0,https://robloxoutfits.net/outfits/goth/under-200-robux/
Goth,Under 200 Robux,1,95,Pants,398633812,Black Jeans with White Shoes,0,https://robloxoutfits.net/outfits/goth/under-200-robux/
Goth,Under 200 Robux,1,95,Hair,376527350,Black Ponytail,0,https://robloxoutfits.net/outfits/goth/under-200-robux/
Goth,Under 200 Robux,1,95,Accessory,17225320544,Black Goth Captain Hat,95,https://robloxoutfits.net/outfits/goth/under-200-robux/
Goth,Under 200 Robux,2,95,Shirt,144076358,Blue and Black Motorcycle Shirt,0,https://robloxoutfits.net/outfits/goth/under-200-robux/
Goth,Under 200 Robux,2,95,Pants,382538503,Black Jeans with Sneakers,0,https://robloxoutfits.net/outfits/goth/under-200-robux/
Goth,Under 200 Robux,2,95,Hair,376527350,Black Ponytail,0,https://robloxoutfits.net/outfits/goth/under-200-robux/
Goth,Under 200 Robux,2,95,Accessory,17225320544,Black Goth Captain Hat,95,https://robloxoutfits.net/outfits/goth/under-200-robux/
Goth,Under 200 Robux,3,190,Shirt,382538295,Guitar Tee with Black Jacket,0,https://robloxoutfits.net/outfits/goth/under-200-robux/
Goth,Under 200 Robux,3,190,Pants,398633812,Black Jeans with White Shoes,0,https://robloxoutfits.net/outfits/goth/under-200-robux/
Goth,Under 200 Robux,3,190,Hair,16630147,Beautiful Hair for Beautiful People,95,https://robloxoutfits.net/outfits/goth/under-200-robux/
Goth,Under 200 Robux,3,190,Accessory,6441016373,Goth Beanie,95,https://robloxoutfits.net/outfits/goth/under-200-robux/
Goth,Under 200 Robux,4,190,Shirt,382538295,Guitar Tee with Black Jacket,0,https://robloxoutfits.net/outfits/goth/under-200-robux/
Goth,Under 200 Robux,4,190,Pants,382538503,Black Jeans with Sneakers,0,https://robloxoutfits.net/outfits/goth/under-200-robux/
Goth,Under 200 Robux,4,190,Hair,16630147,Beautiful Hair for Beautiful People,95,https://robloxoutfits.net/outfits/goth/under-200-robux/
Goth,Under 200 Robux,4,190,Accessory,6441016373,Goth Beanie,95,https://robloxoutfits.net/outfits/goth/under-200-robux/
Goth,Under 200 Robux,5,100,Shirt,110063774764393,Goth,5,https://robloxoutfits.net/outfits/goth/under-200-robux/
Goth,Under 200 Robux,5,100,Pants,382537569,Black Jeans,0,https://robloxoutfits.net/outfits/goth/under-200-robux/
Goth,Under 200 Robux,5,100,Hair,7193442167,Pony Tail - Black,0,https://robloxoutfits.net/outfits/goth/under-200-robux/
Goth,Under 200 Robux,5,100,Accessory,6742065469,Black Goth Mask,95,https://robloxoutfits.net/outfits/goth/under-200-robux/
Goth,Under 200 Robux,6,100,Shirt,70469845918724,Black Goth Top,5,https://robloxoutfits.net/outfits/goth/under-200-robux/
Goth,Under 200 Robux,6,100,Pants,382537569,Black Jeans,0,https://robloxoutfits.net/outfits/goth/under-200-robux/
Goth,Under 200 Robux,6,100,Hair,7193442167,Pony Tail - Black,0,https://robloxoutfits.net/outfits/goth/under-200-robux/
Goth,Under 200 Robux,6,100,Accessory,6742065469,Black Goth Mask,95,https://robloxoutfits.net/outfits/goth/under-200-robux/
Goth,Under 200 Robux,7,105,Shirt,110063774764393,Goth,5,https://robloxoutfits.net/outfits/goth/under-200-robux/
Goth,Under 200 Robux,7,105,Pants,7220612603,Black Silk Mini Dress necklace jeans y2k goth,5,https://robloxoutfits.net/outfits/goth/under-200-robux/
Goth,Under 200 Robux,7,105,Hair,6993754725,Straight Bangs - Black,0,https://robloxoutfits.net/outfits/goth/under-200-robux/
Goth,Under 200 Robux,7,105,Accessory,6377689712,Cute Lil' Black Goth Bunny Hood 🐰,95,https://robloxoutfits.net/outfits/goth/under-200-robux/
Goth,Under 200 Robux,8,105,Shirt,70469845918724,Black Goth Top,5,https://robloxoutfits.net/outfits/goth/under-200-robux/
Goth,Under 200 Robux,8,105,Pants,7220612603,Black Silk Mini Dress necklace jeans y2k goth,5,https://robloxoutfits.net/outfits/goth/under-200-robux/
Goth,Under 200 Robux,8,105,Hair,6993754725,Straight Bangs - Black,0,https://robloxoutfits.net/outfits/goth/under-200-robux/
Goth,Under 200 Robux,8,105,Accessory,6377689712,Cute Lil' Black Goth Bunny Hood 🐰,95,https://robloxoutfits.net/outfits/goth/under-200-robux/
Goth,Under 200 Robux,9,85,Shirt,79556613659092,Snow Leopard w Bodysuit Red Goth Femb,5,https://robloxoutfits.net/outfits/goth/under-200-robux/
Goth,Under 200 Robux,9,85,Pants,5246950670,[ORIG] skirt + convers boots envy y2k vamp emo,5,https://robloxoutfits.net/outfits/goth/under-200-robux/
Goth,Under 200 Robux,9,85,Hair,107573464938767,Blonde Messy Hair,0,https://robloxoutfits.net/outfits/goth/under-200-robux/
Goth,Under 200 Robux,9,85,Accessory,6065610790,Black Spiky Goth Necklace (3.0),75,https://robloxoutfits.net/outfits/goth/under-200-robux/
Goth,Under 200 Robux,10,85,Shirt,79556613659092,Snow Leopard w Bodysuit Red Goth Femb,5,https://robloxoutfits.net/outfits/goth/under-200-robux/
Goth,Under 200 Robux,10,85,Pants,6986198004,Black and pink Y2K pretty gothic vamp skirt,5,https://robloxoutfits.net/outfits/goth/under-200-robux/
Goth,Under 200 Robux,10,85,Hair,107573464938767,Blonde Messy Hair,0,https://robloxoutfits.net/outfits/goth/under-200-robux/
Goth,Under 200 Robux,10,85,Accessory,6065610790,Black Spiky Goth Necklace (3.0),75,https://robloxoutfits.net/outfits/goth/under-200-robux/
Goth,Under 200 Robux,11,105,Shirt,125343199877138,Emo Goth Graffiti Black and White,5,https://robloxoutfits.net/outfits/goth/under-200-robux/
Goth,Under 200 Robux,11,105,Pants,5246950670,[ORIG] skirt + convers boots envy y2k vamp emo,5,https://robloxoutfits.net/outfits/goth/under-200-robux/
Goth,Under 200 Robux,11,105,Hair,62234425,Brown Hair,0,https://robloxoutfits.net/outfits/goth/under-200-robux/
Goth,Under 200 Robux,11,105,Accessory,7805864386,XI Bone Hair Clip,95,https://robloxoutfits.net/outfits/goth/under-200-robux/
Goth,Under 200 Robux,12,105,Shirt,125343199877138,Emo Goth Graffiti Black and White,5,https://robloxoutfits.net/outfits/goth/under-200-robux/
Goth,Under 200 Robux,12,105,Pants,6986198004,Black and pink Y2K pretty gothic vamp skirt,5,https://robloxoutfits.net/outfits/goth/under-200-robux/
Goth,Under 200 Robux,12,105,Hair,62234425,Brown Hair,0,https://robloxoutfits.net/outfits/goth/under-200-robux/
Goth,Under 200 Robux,12,105,Accessory,7805864386,XI Bone Hair Clip,95,https://robloxoutfits.net/outfits/goth/under-200-robux/
Baddie,Almost free,1,14,Shirt,84476356325177,Black Bodysuit Turtle Neck Wedgie Baddie Thigh Sho,5,https://robloxoutfits.net/outfits/baddie/almost-free/
Baddie,Almost free,1,14,Pants,12955399914,baddie,9,https://robloxoutfits.net/outfits/baddie/almost-free/
Baddie,Almost free,1,14,Hair,7193448258,Wavy Middle Part - Brown,0,https://robloxoutfits.net/outfits/baddie/almost-free/
Baddie,Almost free,1,14,Accessory,131217586653422,Pink Octo Baddie 💅  |  Code: POB,0,https://robloxoutfits.net/outfits/baddie/almost-free/
Baddie,Almost free,2,14,Shirt,83013321287108,grey northface chav roadman baddie romper bodysuit,5,https://robloxoutfits.net/outfits/baddie/almost-free/
Baddie,Almost free,2,14,Pants,12955399914,baddie,9,https://robloxoutfits.net/outfits/baddie/almost-free/
Baddie,Almost free,2,14,Hair,7193448258,Wavy Middle Part - Brown,0,https://robloxoutfits.net/outfits/baddie/almost-free/
Baddie,Almost free,2,14,Accessory,131217586653422,Pink Octo Baddie 💅  |  Code: POB,0,https://robloxoutfits.net/outfits/baddie/almost-free/
Baddie,Almost free,3,10,Shirt,84476356325177,Black Bodysuit Turtle Neck Wedgie Baddie Thigh Sho,5,https://robloxoutfits.net/outfits/baddie/almost-free/
Baddie,Almost free,3,10,Pants,72040871097113,rogangster cyber y2k ok baddie gyaru drain,5,https://robloxoutfits.net/outfits/baddie/almost-free/
Baddie,Almost free,3,10,Hair,9244097555,Pony Tail - Brown,0,https://robloxoutfits.net/outfits/baddie/almost-free/
Baddie,Almost free,4,10,Shirt,83013321287108,grey northface chav roadman baddie romper bodysuit,5,https://robloxoutfits.net/outfits/baddie/almost-free/
Baddie,Almost free,4,10,Pants,72040871097113,rogangster cyber y2k ok baddie gyaru drain,5,https://robloxoutfits.net/outfits/baddie/almost-free/
Baddie,Almost free,4,10,Hair,9244097555,Pony Tail - Brown,0,https://robloxoutfits.net/outfits/baddie/almost-free/
Baddie,Almost free,5,10,Shirt,73296098645869,beige one piece top baddie ro-gangster,5,https://robloxoutfits.net/outfits/baddie/almost-free/
Baddie,Almost free,5,10,Pants,73737586786015,jean shorts baddie rogangster cnp ext y2k trendy,5,https://robloxoutfits.net/outfits/baddie/almost-free/
Baddie,Almost free,5,10,Hair,7193449810,Straight Bangs - Brown,0,https://robloxoutfits.net/outfits/baddie/almost-free/
Baddie,Almost free,6,10,Shirt,73296098645869,beige one piece top baddie ro-gangster,5,https://robloxoutfits.net/outfits/baddie/almost-free/
Baddie,Almost free,6,10,Pants,6712040000,baddie y2k black dh shorts emo aesthetic tattoo,5,https://robloxoutfits.net/outfits/baddie/almost-free/
Baddie,Almost free,6,10,Hair,7193449810,Straight Bangs - Brown,0,https://robloxoutfits.net/outfits/baddie/almost-free/
Baddie,Almost free,7,10,Shirt,128034928359180,white necklace buttoned shirt female baddie y2k,5,https://robloxoutfits.net/outfits/baddie/almost-free/
Baddie,Almost free,7,10,Pants,73737586786015,jean shorts baddie rogangster cnp ext y2k trendy,5,https://robloxoutfits.net/outfits/baddie/almost-free/
Baddie,Almost free,7,10,Hair,15766933353,Long Over the Shoulder Wavy w/ Beanie (Blonde),0,https://robloxoutfits.net/outfits/baddie/almost-free/
Baddie,Almost free,8,10,Shirt,128034928359180,white necklace buttoned shirt female baddie y2k,5,https://robloxoutfits.net/outfits/baddie/almost-free/
Baddie,Almost free,8,10,Pants,6712040000,baddie y2k black dh shorts emo aesthetic tattoo,5,https://robloxoutfits.net/outfits/baddie/almost-free/
Baddie,Almost free,8,10,Hair,15766933353,Long Over the Shoulder Wavy w/ Beanie (Blonde),0,https://robloxoutfits.net/outfits/baddie/almost-free/
Baddie,Almost free,9,12,Shirt,106426071145965,red baddie jersey,5,https://robloxoutfits.net/outfits/baddie/almost-free/
Baddie,Almost free,9,12,Pants,14876830197,Mandraka baddie moe emo y2k,7,https://robloxoutfits.net/outfits/baddie/almost-free/
Baddie,Almost free,9,12,Hair,9244070571,Sideswept Dreads - Brown,0,https://robloxoutfits.net/outfits/baddie/almost-free/
Baddie,Almost free,10,12,Shirt,98638108525222,pink baddie nfl jersey,5,https://robloxoutfits.net/outfits/baddie/almost-free/
Baddie,Almost free,10,12,Pants,14876830197,Mandraka baddie moe emo y2k,7,https://robloxoutfits.net/outfits/baddie/almost-free/
Baddie,Almost free,10,12,Hair,9244070571,Sideswept Dreads - Brown,0,https://robloxoutfits.net/outfits/baddie/almost-free/
Baddie,Almost free,11,10,Shirt,106426071145965,red baddie jersey,5,https://robloxoutfits.net/outfits/baddie/almost-free/
Baddie,Almost free,11,10,Pants,114680848614387,Star Denim Camo Pants W Pink Dunks Baddie,5,https://robloxoutfits.net/outfits/baddie/almost-free/
Baddie,Almost free,11,10,Hair,6993758617,Short and Sleek - Brown,0,https://robloxoutfits.net/outfits/baddie/almost-free/
Baddie,Almost free,12,10,Shirt,98638108525222,pink baddie nfl jersey,5,https://robloxoutfits.net/outfits/baddie/almost-free/
Baddie,Almost free,12,10,Pants,114680848614387,Star Denim Camo Pants W Pink Dunks Baddie,5,https://robloxoutfits.net/outfits/baddie/almost-free/
Baddie,Almost free,12,10,Hair,6993758617,Short and Sleek - Brown,0,https://robloxoutfits.net/outfits/baddie/almost-free/
Baddie,Under 50 Robux,1,14,Shirt,84476356325177,Black Bodysuit Turtle Neck Wedgie Baddie Thigh Sho,5,https://robloxoutfits.net/outfits/baddie/under-50-robux/
Baddie,Under 50 Robux,1,14,Pants,12955399914,baddie,9,https://robloxoutfits.net/outfits/baddie/under-50-robux/
Baddie,Under 50 Robux,1,14,Hair,7193448258,Wavy Middle Part - Brown,0,https://robloxoutfits.net/outfits/baddie/under-50-robux/
Baddie,Under 50 Robux,1,14,Accessory,131217586653422,Pink Octo Baddie 💅  |  Code: POB,0,https://robloxoutfits.net/outfits/baddie/under-50-robux/
Baddie,Under 50 Robux,2,14,Shirt,83013321287108,grey northface chav roadman baddie romper bodysuit,5,https://robloxoutfits.net/outfits/baddie/under-50-robux/
Baddie,Under 50 Robux,2,14,Pants,12955399914,baddie,9,https://robloxoutfits.net/outfits/baddie/under-50-robux/
Baddie,Under 50 Robux,2,14,Hair,7193448258,Wavy Middle Part - Brown,0,https://robloxoutfits.net/outfits/baddie/under-50-robux/
Baddie,Under 50 Robux,2,14,Accessory,131217586653422,Pink Octo Baddie 💅  |  Code: POB,0,https://robloxoutfits.net/outfits/baddie/under-50-robux/
Baddie,Under 50 Robux,3,10,Shirt,84476356325177,Black Bodysuit Turtle Neck Wedgie Baddie Thigh Sho,5,https://robloxoutfits.net/outfits/baddie/under-50-robux/
Baddie,Under 50 Robux,3,10,Pants,72040871097113,rogangster cyber y2k ok baddie gyaru drain,5,https://robloxoutfits.net/outfits/baddie/under-50-robux/
Baddie,Under 50 Robux,3,10,Hair,9244097555,Pony Tail - Brown,0,https://robloxoutfits.net/outfits/baddie/under-50-robux/
Baddie,Under 50 Robux,4,10,Shirt,83013321287108,grey northface chav roadman baddie romper bodysuit,5,https://robloxoutfits.net/outfits/baddie/under-50-robux/
Baddie,Under 50 Robux,4,10,Pants,72040871097113,rogangster cyber y2k ok baddie gyaru drain,5,https://robloxoutfits.net/outfits/baddie/under-50-robux/
Baddie,Under 50 Robux,4,10,Hair,9244097555,Pony Tail - Brown,0,https://robloxoutfits.net/outfits/baddie/under-50-robux/
Baddie,Under 50 Robux,5,10,Shirt,73296098645869,beige one piece top baddie ro-gangster,5,https://robloxoutfits.net/outfits/baddie/under-50-robux/
Baddie,Under 50 Robux,5,10,Pants,73737586786015,jean shorts baddie rogangster cnp ext y2k trendy,5,https://robloxoutfits.net/outfits/baddie/under-50-robux/
Baddie,Under 50 Robux,5,10,Hair,7193449810,Straight Bangs - Brown,0,https://robloxoutfits.net/outfits/baddie/under-50-robux/
Baddie,Under 50 Robux,6,10,Shirt,73296098645869,beige one piece top baddie ro-gangster,5,https://robloxoutfits.net/outfits/baddie/under-50-robux/
Baddie,Under 50 Robux,6,10,Pants,6712040000,baddie y2k black dh shorts emo aesthetic tattoo,5,https://robloxoutfits.net/outfits/baddie/under-50-robux/
Baddie,Under 50 Robux,6,10,Hair,7193449810,Straight Bangs - Brown,0,https://robloxoutfits.net/outfits/baddie/under-50-robux/
Baddie,Under 50 Robux,7,10,Shirt,128034928359180,white necklace buttoned shirt female baddie y2k,5,https://robloxoutfits.net/outfits/baddie/under-50-robux/
Baddie,Under 50 Robux,7,10,Pants,73737586786015,jean shorts baddie rogangster cnp ext y2k trendy,5,https://robloxoutfits.net/outfits/baddie/under-50-robux/
Baddie,Under 50 Robux,7,10,Hair,15766933353,Long Over the Shoulder Wavy w/ Beanie (Blonde),0,https://robloxoutfits.net/outfits/baddie/under-50-robux/
Baddie,Under 50 Robux,8,10,Shirt,128034928359180,white necklace buttoned shirt female baddie y2k,5,https://robloxoutfits.net/outfits/baddie/under-50-robux/
Baddie,Under 50 Robux,8,10,Pants,6712040000,baddie y2k black dh shorts emo aesthetic tattoo,5,https://robloxoutfits.net/outfits/baddie/under-50-robux/
Baddie,Under 50 Robux,8,10,Hair,15766933353,Long Over the Shoulder Wavy w/ Beanie (Blonde),0,https://robloxoutfits.net/outfits/baddie/under-50-robux/
Baddie,Under 50 Robux,9,12,Shirt,106426071145965,red baddie jersey,5,https://robloxoutfits.net/outfits/baddie/under-50-robux/
Baddie,Under 50 Robux,9,12,Pants,14876830197,Mandraka baddie moe emo y2k,7,https://robloxoutfits.net/outfits/baddie/under-50-robux/
Baddie,Under 50 Robux,9,12,Hair,9244070571,Sideswept Dreads - Brown,0,https://robloxoutfits.net/outfits/baddie/under-50-robux/
Baddie,Under 50 Robux,10,12,Shirt,98638108525222,pink baddie nfl jersey,5,https://robloxoutfits.net/outfits/baddie/under-50-robux/
Baddie,Under 50 Robux,10,12,Pants,14876830197,Mandraka baddie moe emo y2k,7,https://robloxoutfits.net/outfits/baddie/under-50-robux/
Baddie,Under 50 Robux,10,12,Hair,9244070571,Sideswept Dreads - Brown,0,https://robloxoutfits.net/outfits/baddie/under-50-robux/
Baddie,Under 50 Robux,11,10,Shirt,106426071145965,red baddie jersey,5,https://robloxoutfits.net/outfits/baddie/under-50-robux/
Baddie,Under 50 Robux,11,10,Pants,114680848614387,Star Denim Camo Pants W Pink Dunks Baddie,5,https://robloxoutfits.net/outfits/baddie/under-50-robux/
Baddie,Under 50 Robux,11,10,Hair,6993758617,Short and Sleek - Brown,0,https://robloxoutfits.net/outfits/baddie/under-50-robux/
Baddie,Under 50 Robux,12,10,Shirt,98638108525222,pink baddie nfl jersey,5,https://robloxoutfits.net/outfits/baddie/under-50-robux/
Baddie,Under 50 Robux,12,10,Pants,114680848614387,Star Denim Camo Pants W Pink Dunks Baddie,5,https://robloxoutfits.net/outfits/baddie/under-50-robux/
Baddie,Under 50 Robux,12,10,Hair,6993758617,Short and Sleek - Brown,0,https://robloxoutfits.net/outfits/baddie/under-50-robux/
Baddie,Under 100 Robux,1,100,Shirt,84476356325177,Black Bodysuit Turtle Neck Wedgie Baddie Thigh Sho,5,https://robloxoutfits.net/outfits/baddie/under-100-robux/
Baddie,Under 100 Robux,1,100,Pants,100346367956333,baddie,5,https://robloxoutfits.net/outfits/baddie/under-100-robux/
Baddie,Under 100 Robux,1,100,Hair,7193448258,Wavy Middle Part - Brown,0,https://robloxoutfits.net/outfits/baddie/under-100-robux/
Baddie,Under 100 Robux,1,100,Accessory,12355935672,Mean Girl Cute Mask Light Brown,90,https://robloxoutfits.net/outfits/baddie/under-100-robux/
Baddie,Under 100 Robux,2,100,Shirt,83013321287108,grey northface chav roadman baddie romper bodysuit,5,https://robloxoutfits.net/outfits/baddie/under-100-robux/
Baddie,Under 100 Robux,2,100,Pants,100346367956333,baddie,5,https://robloxoutfits.net/outfits/baddie/under-100-robux/
Baddie,Under 100 Robux,2,100,Hair,7193448258,Wavy Middle Part - Brown,0,https://robloxoutfits.net/outfits/baddie/under-100-robux/
Baddie,Under 100 Robux,2,100,Accessory,12355935672,Mean Girl Cute Mask Light Brown,90,https://robloxoutfits.net/outfits/baddie/under-100-robux/
Baddie,Under 100 Robux,3,100,Shirt,84476356325177,Black Bodysuit Turtle Neck Wedgie Baddie Thigh Sho,5,https://robloxoutfits.net/outfits/baddie/under-100-robux/
Baddie,Under 100 Robux,3,100,Pants,72040871097113,rogangster cyber y2k ok baddie gyaru drain,5,https://robloxoutfits.net/outfits/baddie/under-100-robux/
Baddie,Under 100 Robux,3,100,Hair,9244097555,Pony Tail - Brown,0,https://robloxoutfits.net/outfits/baddie/under-100-robux/
Baddie,Under 100 Robux,3,100,Accessory,11985118745,Popular Girl Cute Mask Light Brown,90,https://robloxoutfits.net/outfits/baddie/under-100-robux/
Baddie,Under 100 Robux,4,100,Shirt,83013321287108,grey northface chav roadman baddie romper bodysuit,5,https://robloxoutfits.net/outfits/baddie/under-100-robux/
Baddie,Under 100 Robux,4,100,Pants,72040871097113,rogangster cyber y2k ok baddie gyaru drain,5,https://robloxoutfits.net/outfits/baddie/under-100-robux/
Baddie,Under 100 Robux,4,100,Hair,9244097555,Pony Tail - Brown,0,https://robloxoutfits.net/outfits/baddie/under-100-robux/
Baddie,Under 100 Robux,4,100,Accessory,11985118745,Popular Girl Cute Mask Light Brown,90,https://robloxoutfits.net/outfits/baddie/under-100-robux/
Baddie,Under 100 Robux,5,100,Shirt,73296098645869,beige one piece top baddie ro-gangster,5,https://robloxoutfits.net/outfits/baddie/under-100-robux/
Baddie,Under 100 Robux,5,100,Pants,73737586786015,jean shorts baddie rogangster cnp ext y2k trendy,5,https://robloxoutfits.net/outfits/baddie/under-100-robux/
Baddie,Under 100 Robux,5,100,Hair,7193449810,Straight Bangs - Brown,0,https://robloxoutfits.net/outfits/baddie/under-100-robux/
Baddie,Under 100 Robux,5,100,Accessory,10968640623,⊱┊soft cute eyelash face,90,https://robloxoutfits.net/outfits/baddie/under-100-robux/
Baddie,Under 100 Robux,6,100,Shirt,73296098645869,beige one piece top baddie ro-gangster,5,https://robloxoutfits.net/outfits/baddie/under-100-robux/
Baddie,Under 100 Robux,6,100,Pants,6712040000,baddie y2k black dh shorts emo aesthetic tattoo,5,https://robloxoutfits.net/outfits/baddie/under-100-robux/
Baddie,Under 100 Robux,6,100,Hair,7193449810,Straight Bangs - Brown,0,https://robloxoutfits.net/outfits/baddie/under-100-robux/
Baddie,Under 100 Robux,6,100,Accessory,10968640623,⊱┊soft cute eyelash face,90,https://robloxoutfits.net/outfits/baddie/under-100-robux/
Baddie,Under 100 Robux,7,85,Shirt,128034928359180,white necklace buttoned shirt female baddie y2k,5,https://robloxoutfits.net/outfits/baddie/under-100-robux/
Baddie,Under 100 Robux,7,85,Pants,73737586786015,jean shorts baddie rogangster cnp ext y2k trendy,5,https://robloxoutfits.net/outfits/baddie/under-100-robux/
Baddie,Under 100 Robux,7,85,Hair,6501746646,Popular Girl Blonde & Brown Hair,75,https://robloxoutfits.net/outfits/baddie/under-100-robux/
Baddie,Under 100 Robux,7,85,Accessory,131217586653422,Pink Octo Baddie 💅  |  Code: POB,0,https://robloxoutfits.net/outfits/baddie/under-100-robux/
Baddie,Under 100 Robux,8,85,Shirt,128034928359180,white necklace buttoned shirt female baddie y2k,5,https://robloxoutfits.net/outfits/baddie/under-100-robux/
Baddie,Under 100 Robux,8,85,Pants,6712040000,baddie y2k black dh shorts emo aesthetic tattoo,5,https://robloxoutfits.net/outfits/baddie/under-100-robux/
Baddie,Under 100 Robux,8,85,Hair,6501746646,Popular Girl Blonde & Brown Hair,75,https://robloxoutfits.net/outfits/baddie/under-100-robux/
Baddie,Under 100 Robux,8,85,Accessory,131217586653422,Pink Octo Baddie 💅  |  Code: POB,0,https://robloxoutfits.net/outfits/baddie/under-100-robux/
Baddie,Under 100 Robux,9,91,Shirt,106426071145965,red baddie jersey,5,https://robloxoutfits.net/outfits/baddie/under-100-robux/
Baddie,Under 100 Robux,9,91,Pants,14876830197,Mandraka baddie moe emo y2k,7,https://robloxoutfits.net/outfits/baddie/under-100-robux/
Baddie,Under 100 Robux,9,91,Hair,5890690147,Popstar Hair,79,https://robloxoutfits.net/outfits/baddie/under-100-robux/
Baddie,Under 100 Robux,10,91,Shirt,98638108525222,pink baddie nfl jersey,5,https://robloxoutfits.net/outfits/baddie/under-100-robux/
Baddie,Under 100 Robux,10,91,Pants,14876830197,Mandraka baddie moe emo y2k,7,https://robloxoutfits.net/outfits/baddie/under-100-robux/
Baddie,Under 100 Robux,10,91,Hair,5890690147,Popstar Hair,79,https://robloxoutfits.net/outfits/baddie/under-100-robux/
Baddie,Under 100 Robux,11,95,Shirt,106426071145965,red baddie jersey,5,https://robloxoutfits.net/outfits/baddie/under-100-robux/
Baddie,Under 100 Robux,11,95,Pants,114680848614387,Star Denim Camo Pants W Pink Dunks Baddie,5,https://robloxoutfits.net/outfits/baddie/under-100-robux/
Baddie,Under 100 Robux,11,95,Hair,5918940548,Blonde curly celebrity hair,85,https://robloxoutfits.net/outfits/baddie/under-100-robux/
Baddie,Under 100 Robux,12,95,Shirt,98638108525222,pink baddie nfl jersey,5,https://robloxoutfits.net/outfits/baddie/under-100-robux/
Baddie,Under 100 Robux,12,95,Pants,114680848614387,Star Denim Camo Pants W Pink Dunks Baddie,5,https://robloxoutfits.net/outfits/baddie/under-100-robux/
Baddie,Under 100 Robux,12,95,Hair,5918940548,Blonde curly celebrity hair,85,https://robloxoutfits.net/outfits/baddie/under-100-robux/
Baddie,Under 200 Robux,1,179,Shirt,84476356325177,Black Bodysuit Turtle Neck Wedgie Baddie Thigh Sho,5,https://robloxoutfits.net/outfits/baddie/under-200-robux/
Baddie,Under 200 Robux,1,179,Pants,12955399914,baddie,9,https://robloxoutfits.net/outfits/baddie/under-200-robux/
Baddie,Under 200 Robux,1,179,Hair,6501746646,Popular Girl Blonde & Brown Hair,75,https://robloxoutfits.net/outfits/baddie/under-200-robux/
Baddie,Under 200 Robux,1,179,Accessory,12355935672,Mean Girl Cute Mask Light Brown,90,https://robloxoutfits.net/outfits/baddie/under-200-robux/
Baddie,Under 200 Robux,2,179,Shirt,83013321287108,grey northface chav roadman baddie romper bodysuit,5,https://robloxoutfits.net/outfits/baddie/under-200-robux/
Baddie,Under 200 Robux,2,179,Pants,12955399914,baddie,9,https://robloxoutfits.net/outfits/baddie/under-200-robux/
Baddie,Under 200 Robux,2,179,Hair,6501746646,Popular Girl Blonde & Brown Hair,75,https://robloxoutfits.net/outfits/baddie/under-200-robux/
Baddie,Under 200 Robux,2,179,Accessory,12355935672,Mean Girl Cute Mask Light Brown,90,https://robloxoutfits.net/outfits/baddie/under-200-robux/
Baddie,Under 200 Robux,3,179,Shirt,84476356325177,Black Bodysuit Turtle Neck Wedgie Baddie Thigh Sho,5,https://robloxoutfits.net/outfits/baddie/under-200-robux/
Baddie,Under 200 Robux,3,179,Pants,72040871097113,rogangster cyber y2k ok baddie gyaru drain,5,https://robloxoutfits.net/outfits/baddie/under-200-robux/
Baddie,Under 200 Robux,3,179,Hair,5890690147,Popstar Hair,79,https://robloxoutfits.net/outfits/baddie/under-200-robux/
Baddie,Under 200 Robux,3,179,Accessory,11985118745,Popular Girl Cute Mask Light Brown,90,https://robloxoutfits.net/outfits/baddie/under-200-robux/
Baddie,Under 200 Robux,4,179,Shirt,83013321287108,grey northface chav roadman baddie romper bodysuit,5,https://robloxoutfits.net/outfits/baddie/under-200-robux/
Baddie,Under 200 Robux,4,179,Pants,72040871097113,rogangster cyber y2k ok baddie gyaru drain,5,https://robloxoutfits.net/outfits/baddie/under-200-robux/
Baddie,Under 200 Robux,4,179,Hair,5890690147,Popstar Hair,79,https://robloxoutfits.net/outfits/baddie/under-200-robux/
Baddie,Under 200 Robux,4,179,Accessory,11985118745,Popular Girl Cute Mask Light Brown,90,https://robloxoutfits.net/outfits/baddie/under-200-robux/
Baddie,Under 200 Robux,5,190,Shirt,73296098645869,beige one piece top baddie ro-gangster,5,https://robloxoutfits.net/outfits/baddie/under-200-robux/
Baddie,Under 200 Robux,5,190,Pants,73737586786015,jean shorts baddie rogangster cnp ext y2k trendy,5,https://robloxoutfits.net/outfits/baddie/under-200-robux/
Baddie,Under 200 Robux,5,190,Hair,5918940548,Blonde curly celebrity hair,85,https://robloxoutfits.net/outfits/baddie/under-200-robux/
Baddie,Under 200 Robux,5,190,Accessory,10713991705,Cute Gyaru Eyelashes,95,https://robloxoutfits.net/outfits/baddie/under-200-robux/
Baddie,Under 200 Robux,6,190,Shirt,73296098645869,beige one piece top baddie ro-gangster,5,https://robloxoutfits.net/outfits/baddie/under-200-robux/
Baddie,Under 200 Robux,6,190,Pants,6712040000,baddie y2k black dh shorts emo aesthetic tattoo,5,https://robloxoutfits.net/outfits/baddie/under-200-robux/
Baddie,Under 200 Robux,6,190,Hair,5918940548,Blonde curly celebrity hair,85,https://robloxoutfits.net/outfits/baddie/under-200-robux/
Baddie,Under 200 Robux,6,190,Accessory,10713991705,Cute Gyaru Eyelashes,95,https://robloxoutfits.net/outfits/baddie/under-200-robux/
Baddie,Under 200 Robux,7,100,Shirt,128034928359180,white necklace buttoned shirt female baddie y2k,5,https://robloxoutfits.net/outfits/baddie/under-200-robux/
Baddie,Under 200 Robux,7,100,Pants,73737586786015,jean shorts baddie rogangster cnp ext y2k trendy,5,https://robloxoutfits.net/outfits/baddie/under-200-robux/
Baddie,Under 200 Robux,7,100,Hair,7193448258,Wavy Middle Part - Brown,0,https://robloxoutfits.net/outfits/baddie/under-200-robux/
Baddie,Under 200 Robux,7,100,Accessory,10968640623,⊱┊soft cute eyelash face,90,https://robloxoutfits.net/outfits/baddie/under-200-robux/
Baddie,Under 200 Robux,8,100,Shirt,128034928359180,white necklace buttoned shirt female baddie y2k,5,https://robloxoutfits.net/outfits/baddie/under-200-robux/
Baddie,Under 200 Robux,8,100,Pants,6712040000,baddie y2k black dh shorts emo aesthetic tattoo,5,https://robloxoutfits.net/outfits/baddie/under-200-robux/
Baddie,Under 200 Robux,8,100,Hair,7193448258,Wavy Middle Part - Brown,0,https://robloxoutfits.net/outfits/baddie/under-200-robux/
Baddie,Under 200 Robux,8,100,Accessory,10968640623,⊱┊soft cute eyelash face,90,https://robloxoutfits.net/outfits/baddie/under-200-robux/
Baddie,Under 200 Robux,9,77,Shirt,106426071145965,red baddie jersey,5,https://robloxoutfits.net/outfits/baddie/under-200-robux/
Baddie,Under 200 Robux,9,77,Pants,14876830197,Mandraka baddie moe emo y2k,7,https://robloxoutfits.net/outfits/baddie/under-200-robux/
Baddie,Under 200 Robux,9,77,Hair,11597599236,Lush Wavy Hair (Blonde),65,https://robloxoutfits.net/outfits/baddie/under-200-robux/
Baddie,Under 200 Robux,9,77,Accessory,131217586653422,Pink Octo Baddie 💅  |  Code: POB,0,https://robloxoutfits.net/outfits/baddie/under-200-robux/
Baddie,Under 200 Robux,10,77,Shirt,98638108525222,pink baddie nfl jersey,5,https://robloxoutfits.net/outfits/baddie/under-200-robux/
Baddie,Under 200 Robux,10,77,Pants,14876830197,Mandraka baddie moe emo y2k,7,https://robloxoutfits.net/outfits/baddie/under-200-robux/
Baddie,Under 200 Robux,10,77,Hair,11597599236,Lush Wavy Hair (Blonde),65,https://robloxoutfits.net/outfits/baddie/under-200-robux/
Baddie,Under 200 Robux,10,77,Accessory,131217586653422,Pink Octo Baddie 💅  |  Code: POB,0,https://robloxoutfits.net/outfits/baddie/under-200-robux/
Baddie,Under 200 Robux,11,85,Shirt,106426071145965,red baddie jersey,5,https://robloxoutfits.net/outfits/baddie/under-200-robux/
Baddie,Under 200 Robux,11,85,Pants,114680848614387,Star Denim Camo Pants W Pink Dunks Baddie,5,https://robloxoutfits.net/outfits/baddie/under-200-robux/
Baddie,Under 200 Robux,11,85,Hair,6522211748,California Girl Blonde Hair,75,https://robloxoutfits.net/outfits/baddie/under-200-robux/
Baddie,Under 200 Robux,12,85,Shirt,98638108525222,pink baddie nfl jersey,5,https://robloxoutfits.net/outfits/baddie/under-200-robux/
Baddie,Under 200 Robux,12,85,Pants,114680848614387,Star Denim Camo Pants W Pink Dunks Baddie,5,https://robloxoutfits.net/outfits/baddie/under-200-robux/
Baddie,Under 200 Robux,12,85,Hair,6522211748,California Girl Blonde Hair,75,https://robloxoutfits.net/outfits/baddie/under-200-robux/
Streetwear,Almost free,1,12,Shirt,122686393539851,Streetwear,5,https://robloxoutfits.net/outfits/streetwear/almost-free/
Streetwear,Almost free,1,12,Pants,6960786140,grey pjs plaid emo y2k vamp grunge goth dh cyber,7,https://robloxoutfits.net/outfits/streetwear/almost-free/
Streetwear,Almost free,1,12,Hair,63690008,Pal Hair,0,https://robloxoutfits.net/outfits/streetwear/almost-free/
Streetwear,Almost free,1,12,Accessory,111309020104393,Clear Streetwear Flame Hat  |  Code: ClrHat,0,https://robloxoutfits.net/outfits/streetwear/almost-free/
Streetwear,Almost free,2,10,Shirt,122686393539851,Streetwear,5,https://robloxoutfits.net/outfits/streetwear/almost-free/
Streetwear,Almost free,2,10,Pants,6366077720,y2k grunge swag punk cyber streetwear vamp emo ok,5,https://robloxoutfits.net/outfits/streetwear/almost-free/
Streetwear,Almost free,2,10,Hair,63690008,Pal Hair,0,https://robloxoutfits.net/outfits/streetwear/almost-free/
Streetwear,Almost free,2,10,Accessory,111309020104393,Clear Streetwear Flame Hat  |  Code: ClrHat,0,https://robloxoutfits.net/outfits/streetwear/almost-free/
Streetwear,Almost free,3,12,Shirt,18873871147,𝕮𝕲 🤍 y2k white harley racer punk cyber crop top,5,https://robloxoutfits.net/outfits/streetwear/almost-free/
Streetwear,Almost free,3,12,Pants,6960786140,grey pjs plaid emo y2k vamp grunge goth dh cyber,7,https://robloxoutfits.net/outfits/streetwear/almost-free/
Streetwear,Almost free,3,12,Hair,1103003368,Orange Beanie with Black Hair,0,https://robloxoutfits.net/outfits/streetwear/almost-free/
Streetwear,Almost free,3,12,Accessory,134160871282245,White Grunge Beret Y2K,0,https://robloxoutfits.net/outfits/streetwear/almost-free/
Streetwear,Almost free,4,10,Shirt,18873871147,𝕮𝕲 🤍 y2k white harley racer punk cyber crop top,5,https://robloxoutfits.net/outfits/streetwear/almost-free/
Streetwear,Almost free,4,10,Pants,6366077720,y2k grunge swag punk cyber streetwear vamp emo ok,5,https://robloxoutfits.net/outfits/streetwear/almost-free/
Streetwear,Almost free,4,10,Hair,1103003368,Orange Beanie with Black Hair,0,https://robloxoutfits.net/outfits/streetwear/almost-free/
Streetwear,Almost free,4,10,Accessory,134160871282245,White Grunge Beret Y2K,0,https://robloxoutfits.net/outfits/streetwear/almost-free/
Streetwear,Almost free,5,10,Shirt,108717743014841,Cute red and black grunge girl classic shirt,5,https://robloxoutfits.net/outfits/streetwear/almost-free/
Streetwear,Almost free,5,10,Pants,7581780596,vamp emo cyber y2k streetwear grim rock evade vkei,5,https://robloxoutfits.net/outfits/streetwear/almost-free/
Streetwear,Almost free,5,10,Hair,376548738,Brown Charmer Hair,0,https://robloxoutfits.net/outfits/streetwear/almost-free/
Streetwear,Almost free,6,10,Shirt,108717743014841,Cute red and black grunge girl classic shirt,5,https://robloxoutfits.net/outfits/streetwear/almost-free/
Streetwear,Almost free,6,10,Pants,15491580408,grey y2k star da hood jeans emo cute streetwear,5,https://robloxoutfits.net/outfits/streetwear/almost-free/
Streetwear,Almost free,6,10,Hair,376548738,Brown Charmer Hair,0,https://robloxoutfits.net/outfits/streetwear/almost-free/
Streetwear,Almost free,7,10,Shirt,134609980476322,Black Emo Girl Fairy Streetwear DaHoodEvade,5,https://robloxoutfits.net/outfits/streetwear/almost-free/
Streetwear,Almost free,7,10,Pants,7581780596,vamp emo cyber y2k streetwear grim rock evade vkei,5,https://robloxoutfits.net/outfits/streetwear/almost-free/
Streetwear,Almost free,7,10,Hair,134940982419309,HALLOWEEN EDITION - Long emo hair w/ cute hoodie,0,https://robloxoutfits.net/outfits/streetwear/almost-free/
Streetwear,Almost free,8,10,Shirt,134609980476322,Black Emo Girl Fairy Streetwear DaHoodEvade,5,https://robloxoutfits.net/outfits/streetwear/almost-free/
Streetwear,Almost free,8,10,Pants,15491580408,grey y2k star da hood jeans emo cute streetwear,5,https://robloxoutfits.net/outfits/streetwear/almost-free/
Streetwear,Almost free,8,10,Hair,134940982419309,HALLOWEEN EDITION - Long emo hair w/ cute hoodie,0,https://robloxoutfits.net/outfits/streetwear/almost-free/
Streetwear,Under 50 Robux,1,12,Shirt,122686393539851,Streetwear,5,https://robloxoutfits.net/outfits/streetwear/under-50-robux/
Streetwear,Under 50 Robux,1,12,Pants,6960786140,grey pjs plaid emo y2k vamp grunge goth dh cyber,7,https://robloxoutfits.net/outfits/streetwear/under-50-robux/
Streetwear,Under 50 Robux,1,12,Hair,63690008,Pal Hair,0,https://robloxoutfits.net/outfits/streetwear/under-50-robux/
Streetwear,Under 50 Robux,1,12,Accessory,111309020104393,Clear Streetwear Flame Hat  |  Code: ClrHat,0,https://robloxoutfits.net/outfits/streetwear/under-50-robux/
Streetwear,Under 50 Robux,2,10,Shirt,122686393539851,Streetwear,5,https://robloxoutfits.net/outfits/streetwear/under-50-robux/
Streetwear,Under 50 Robux,2,10,Pants,6366077720,y2k grunge swag punk cyber streetwear vamp emo ok,5,https://robloxoutfits.net/outfits/streetwear/under-50-robux/
Streetwear,Under 50 Robux,2,10,Hair,63690008,Pal Hair,0,https://robloxoutfits.net/outfits/streetwear/under-50-robux/
Streetwear,Under 50 Robux,2,10,Accessory,111309020104393,Clear Streetwear Flame Hat  |  Code: ClrHat,0,https://robloxoutfits.net/outfits/streetwear/under-50-robux/
Streetwear,Under 50 Robux,3,12,Shirt,18873871147,𝕮𝕲 🤍 y2k white harley racer punk cyber crop top,5,https://robloxoutfits.net/outfits/streetwear/under-50-robux/
Streetwear,Under 50 Robux,3,12,Pants,6960786140,grey pjs plaid emo y2k vamp grunge goth dh cyber,7,https://robloxoutfits.net/outfits/streetwear/under-50-robux/
Streetwear,Under 50 Robux,3,12,Hair,1103003368,Orange Beanie with Black Hair,0,https://robloxoutfits.net/outfits/streetwear/under-50-robux/
Streetwear,Under 50 Robux,3,12,Accessory,134160871282245,White Grunge Beret Y2K,0,https://robloxoutfits.net/outfits/streetwear/under-50-robux/
Streetwear,Under 50 Robux,4,10,Shirt,18873871147,𝕮𝕲 🤍 y2k white harley racer punk cyber crop top,5,https://robloxoutfits.net/outfits/streetwear/under-50-robux/
Streetwear,Under 50 Robux,4,10,Pants,6366077720,y2k grunge swag punk cyber streetwear vamp emo ok,5,https://robloxoutfits.net/outfits/streetwear/under-50-robux/
Streetwear,Under 50 Robux,4,10,Hair,1103003368,Orange Beanie with Black Hair,0,https://robloxoutfits.net/outfits/streetwear/under-50-robux/
Streetwear,Under 50 Robux,4,10,Accessory,134160871282245,White Grunge Beret Y2K,0,https://robloxoutfits.net/outfits/streetwear/under-50-robux/
Streetwear,Under 50 Robux,5,10,Shirt,108717743014841,Cute red and black grunge girl classic shirt,5,https://robloxoutfits.net/outfits/streetwear/under-50-robux/
Streetwear,Under 50 Robux,5,10,Pants,7581780596,vamp emo cyber y2k streetwear grim rock evade vkei,5,https://robloxoutfits.net/outfits/streetwear/under-50-robux/
Streetwear,Under 50 Robux,5,10,Hair,376548738,Brown Charmer Hair,0,https://robloxoutfits.net/outfits/streetwear/under-50-robux/
Streetwear,Under 50 Robux,6,10,Shirt,108717743014841,Cute red and black grunge girl classic shirt,5,https://robloxoutfits.net/outfits/streetwear/under-50-robux/
Streetwear,Under 50 Robux,6,10,Pants,15491580408,grey y2k star da hood jeans emo cute streetwear,5,https://robloxoutfits.net/outfits/streetwear/under-50-robux/
Streetwear,Under 50 Robux,6,10,Hair,376548738,Brown Charmer Hair,0,https://robloxoutfits.net/outfits/streetwear/under-50-robux/
Streetwear,Under 50 Robux,7,10,Shirt,134609980476322,Black Emo Girl Fairy Streetwear DaHoodEvade,5,https://robloxoutfits.net/outfits/streetwear/under-50-robux/
Streetwear,Under 50 Robux,7,10,Pants,7581780596,vamp emo cyber y2k streetwear grim rock evade vkei,5,https://robloxoutfits.net/outfits/streetwear/under-50-robux/
Streetwear,Under 50 Robux,7,10,Hair,134940982419309,HALLOWEEN EDITION - Long emo hair w/ cute hoodie,0,https://robloxoutfits.net/outfits/streetwear/under-50-robux/
Streetwear,Under 50 Robux,8,10,Shirt,134609980476322,Black Emo Girl Fairy Streetwear DaHoodEvade,5,https://robloxoutfits.net/outfits/streetwear/under-50-robux/
Streetwear,Under 50 Robux,8,10,Pants,15491580408,grey y2k star da hood jeans emo cute streetwear,5,https://robloxoutfits.net/outfits/streetwear/under-50-robux/
Streetwear,Under 50 Robux,8,10,Hair,134940982419309,HALLOWEEN EDITION - Long emo hair w/ cute hoodie,0,https://robloxoutfits.net/outfits/streetwear/under-50-robux/
Streetwear,Under 100 Robux,1,67,Shirt,122686393539851,Streetwear,5,https://robloxoutfits.net/outfits/streetwear/under-100-robux/
Streetwear,Under 100 Robux,1,67,Pants,6960786140,grey pjs plaid emo y2k vamp grunge goth dh cyber,7,https://robloxoutfits.net/outfits/streetwear/under-100-robux/
Streetwear,Under 100 Robux,1,67,Hair,63690008,Pal Hair,0,https://robloxoutfits.net/outfits/streetwear/under-100-robux/
Streetwear,Under 100 Robux,1,67,Accessory,6741572545,Y2K Grunge Black Shoulder Bag,55,https://robloxoutfits.net/outfits/streetwear/under-100-robux/
Streetwear,Under 100 Robux,2,65,Shirt,122686393539851,Streetwear,5,https://robloxoutfits.net/outfits/streetwear/under-100-robux/
Streetwear,Under 100 Robux,2,65,Pants,6366077720,y2k grunge swag punk cyber streetwear vamp emo ok,5,https://robloxoutfits.net/outfits/streetwear/under-100-robux/
Streetwear,Under 100 Robux,2,65,Hair,63690008,Pal Hair,0,https://robloxoutfits.net/outfits/streetwear/under-100-robux/
Streetwear,Under 100 Robux,2,65,Accessory,6741572545,Y2K Grunge Black Shoulder Bag,55,https://robloxoutfits.net/outfits/streetwear/under-100-robux/
Streetwear,Under 100 Robux,3,67,Shirt,18873871147,𝕮𝕲 🤍 y2k white harley racer punk cyber crop top,5,https://robloxoutfits.net/outfits/streetwear/under-100-robux/
Streetwear,Under 100 Robux,3,67,Pants,6960786140,grey pjs plaid emo y2k vamp grunge goth dh cyber,7,https://robloxoutfits.net/outfits/streetwear/under-100-robux/
Streetwear,Under 100 Robux,3,67,Hair,1103003368,Orange Beanie with Black Hair,0,https://robloxoutfits.net/outfits/streetwear/under-100-robux/
Streetwear,Under 100 Robux,3,67,Accessory,6741584766,Y2K Grunge White Shoulder Bag,55,https://robloxoutfits.net/outfits/streetwear/under-100-robux/
Streetwear,Under 100 Robux,4,65,Shirt,18873871147,𝕮𝕲 🤍 y2k white harley racer punk cyber crop top,5,https://robloxoutfits.net/outfits/streetwear/under-100-robux/
Streetwear,Under 100 Robux,4,65,Pants,6366077720,y2k grunge swag punk cyber streetwear vamp emo ok,5,https://robloxoutfits.net/outfits/streetwear/under-100-robux/
Streetwear,Under 100 Robux,4,65,Hair,1103003368,Orange Beanie with Black Hair,0,https://robloxoutfits.net/outfits/streetwear/under-100-robux/
Streetwear,Under 100 Robux,4,65,Accessory,6741584766,Y2K Grunge White Shoulder Bag,55,https://robloxoutfits.net/outfits/streetwear/under-100-robux/
Streetwear,Under 100 Robux,5,89,Shirt,108717743014841,Cute red and black grunge girl classic shirt,5,https://robloxoutfits.net/outfits/streetwear/under-100-robux/
Streetwear,Under 100 Robux,5,89,Pants,7581780596,vamp emo cyber y2k streetwear grim rock evade vkei,5,https://robloxoutfits.net/outfits/streetwear/under-100-robux/
Streetwear,Under 100 Robux,5,89,Hair,5644883846,Cool Boy Hair,79,https://robloxoutfits.net/outfits/streetwear/under-100-robux/
Streetwear,Under 100 Robux,5,89,Accessory,111309020104393,Clear Streetwear Flame Hat  |  Code: ClrHat,0,https://robloxoutfits.net/outfits/streetwear/under-100-robux/
Streetwear,Under 100 Robux,6,89,Shirt,108717743014841,Cute red and black grunge girl classic shirt,5,https://robloxoutfits.net/outfits/streetwear/under-100-robux/
Streetwear,Under 100 Robux,6,89,Pants,15491580408,grey y2k star da hood jeans emo cute streetwear,5,https://robloxoutfits.net/outfits/streetwear/under-100-robux/
Streetwear,Under 100 Robux,6,89,Hair,5644883846,Cool Boy Hair,79,https://robloxoutfits.net/outfits/streetwear/under-100-robux/
Streetwear,Under 100 Robux,6,89,Accessory,111309020104393,Clear Streetwear Flame Hat  |  Code: ClrHat,0,https://robloxoutfits.net/outfits/streetwear/under-100-robux/
Streetwear,Under 100 Robux,7,75,Shirt,134609980476322,Black Emo Girl Fairy Streetwear DaHoodEvade,5,https://robloxoutfits.net/outfits/streetwear/under-100-robux/
Streetwear,Under 100 Robux,7,75,Pants,7581780596,vamp emo cyber y2k streetwear grim rock evade vkei,5,https://robloxoutfits.net/outfits/streetwear/under-100-robux/
Streetwear,Under 100 Robux,7,75,Hair,4875445470,Black Short Parted Hair,65,https://robloxoutfits.net/outfits/streetwear/under-100-robux/
Streetwear,Under 100 Robux,7,75,Accessory,134160871282245,White Grunge Beret Y2K,0,https://robloxoutfits.net/outfits/streetwear/under-100-robux/
Streetwear,Under 100 Robux,8,75,Shirt,134609980476322,Black Emo Girl Fairy Streetwear DaHoodEvade,5,https://robloxoutfits.net/outfits/streetwear/under-100-robux/
Streetwear,Under 100 Robux,8,75,Pants,15491580408,grey y2k star da hood jeans emo cute streetwear,5,https://robloxoutfits.net/outfits/streetwear/under-100-robux/
Streetwear,Under 100 Robux,8,75,Hair,4875445470,Black Short Parted Hair,65,https://robloxoutfits.net/outfits/streetwear/under-100-robux/
Streetwear,Under 100 Robux,8,75,Accessory,134160871282245,White Grunge Beret Y2K,0,https://robloxoutfits.net/outfits/streetwear/under-100-robux/
Streetwear,Under 100 Robux,9,75,Shirt,130001607380581,acubi thrifted jeans y2k streetwear 2000s,5,https://robloxoutfits.net/outfits/streetwear/under-100-robux/
Streetwear,Under 100 Robux,9,75,Pants,9154749510,beige emo khaki grunge y2k goth emo extreme boy,5,https://robloxoutfits.net/outfits/streetwear/under-100-robux/
Streetwear,Under 100 Robux,9,75,Hair,11770892209,Grunge wolf hair Black,65,https://robloxoutfits.net/outfits/streetwear/under-100-robux/
Streetwear,Under 100 Robux,10,75,Shirt,124218548773697,belt stack y2k streetwear top,5,https://robloxoutfits.net/outfits/streetwear/under-100-robux/
Streetwear,Under 100 Robux,10,75,Pants,9154749510,beige emo khaki grunge y2k goth emo extreme boy,5,https://robloxoutfits.net/outfits/streetwear/under-100-robux/
Streetwear,Under 100 Robux,10,75,Hair,11770892209,Grunge wolf hair Black,65,https://robloxoutfits.net/outfits/streetwear/under-100-robux/
Streetwear,Under 100 Robux,11,10,Shirt,130001607380581,acubi thrifted jeans y2k streetwear 2000s,5,https://robloxoutfits.net/outfits/streetwear/under-100-robux/
Streetwear,Under 100 Robux,11,10,Pants,6054064906,y2k grunge ludic punk cyber streetwear vamp emo ok,5,https://robloxoutfits.net/outfits/streetwear/under-100-robux/
Streetwear,Under 100 Robux,11,10,Hair,376548738,Brown Charmer Hair,0,https://robloxoutfits.net/outfits/streetwear/under-100-robux/
Streetwear,Under 100 Robux,12,10,Shirt,124218548773697,belt stack y2k streetwear top,5,https://robloxoutfits.net/outfits/streetwear/under-100-robux/
Streetwear,Under 100 Robux,12,10,Pants,6054064906,y2k grunge ludic punk cyber streetwear vamp emo ok,5,https://robloxoutfits.net/outfits/streetwear/under-100-robux/
Streetwear,Under 100 Robux,12,10,Hair,376548738,Brown Charmer Hair,0,https://robloxoutfits.net/outfits/streetwear/under-100-robux/
Streetwear,Under 200 Robux,1,107,Shirt,122686393539851,Streetwear,5,https://robloxoutfits.net/outfits/streetwear/under-200-robux/
Streetwear,Under 200 Robux,1,107,Pants,6960786140,grey pjs plaid emo y2k vamp grunge goth dh cyber,7,https://robloxoutfits.net/outfits/streetwear/under-200-robux/
Streetwear,Under 200 Robux,1,107,Hair,63690008,Pal Hair,0,https://robloxoutfits.net/outfits/streetwear/under-200-robux/
Streetwear,Under 200 Robux,1,107,Accessory,7442434428,Hair Bandana (Splinter Camo),95,https://robloxoutfits.net/outfits/streetwear/under-200-robux/
Streetwear,Under 200 Robux,2,105,Shirt,122686393539851,Streetwear,5,https://robloxoutfits.net/outfits/streetwear/under-200-robux/
Streetwear,Under 200 Robux,2,105,Pants,6366077720,y2k grunge swag punk cyber streetwear vamp emo ok,5,https://robloxoutfits.net/outfits/streetwear/under-200-robux/
Streetwear,Under 200 Robux,2,105,Hair,63690008,Pal Hair,0,https://robloxoutfits.net/outfits/streetwear/under-200-robux/
Streetwear,Under 200 Robux,2,105,Accessory,7442434428,Hair Bandana (Splinter Camo),95,https://robloxoutfits.net/outfits/streetwear/under-200-robux/
Streetwear,Under 200 Robux,3,146,Shirt,18873871147,𝕮𝕲 🤍 y2k white harley racer punk cyber crop top,5,https://robloxoutfits.net/outfits/streetwear/under-200-robux/
Streetwear,Under 200 Robux,3,146,Pants,6960786140,grey pjs plaid emo y2k vamp grunge goth dh cyber,7,https://robloxoutfits.net/outfits/streetwear/under-200-robux/
Streetwear,Under 200 Robux,3,146,Hair,5644883846,Cool Boy Hair,79,https://robloxoutfits.net/outfits/streetwear/under-200-robux/
Streetwear,Under 200 Robux,3,146,Accessory,6741572545,Y2K Grunge Black Shoulder Bag,55,https://robloxoutfits.net/outfits/streetwear/under-200-robux/
Streetwear,Under 200 Robux,4,144,Shirt,18873871147,𝕮𝕲 🤍 y2k white harley racer punk cyber crop top,5,https://robloxoutfits.net/outfits/streetwear/under-200-robux/
Streetwear,Under 200 Robux,4,144,Pants,6366077720,y2k grunge swag punk cyber streetwear vamp emo ok,5,https://robloxoutfits.net/outfits/streetwear/under-200-robux/
Streetwear,Under 200 Robux,4,144,Hair,5644883846,Cool Boy Hair,79,https://robloxoutfits.net/outfits/streetwear/under-200-robux/
Streetwear,Under 200 Robux,4,144,Accessory,6741572545,Y2K Grunge Black Shoulder Bag,55,https://robloxoutfits.net/outfits/streetwear/under-200-robux/
Streetwear,Under 200 Robux,5,130,Shirt,108717743014841,Cute red and black grunge girl classic shirt,5,https://robloxoutfits.net/outfits/streetwear/under-200-robux/
Streetwear,Under 200 Robux,5,130,Pants,7581780596,vamp emo cyber y2k streetwear grim rock evade vkei,5,https://robloxoutfits.net/outfits/streetwear/under-200-robux/
Streetwear,Under 200 Robux,5,130,Hair,4875445470,Black Short Parted Hair,65,https://robloxoutfits.net/outfits/streetwear/under-200-robux/
Streetwear,Under 200 Robux,5,130,Accessory,6741584766,Y2K Grunge White Shoulder Bag,55,https://robloxoutfits.net/outfits/streetwear/under-200-robux/
Streetwear,Under 200 Robux,6,130,Shirt,108717743014841,Cute red and black grunge girl classic shirt,5,https://robloxoutfits.net/outfits/streetwear/under-200-robux/
Streetwear,Under 200 Robux,6,130,Pants,15491580408,grey y2k star da hood jeans emo cute streetwear,5,https://robloxoutfits.net/outfits/streetwear/under-200-robux/
Streetwear,Under 200 Robux,6,130,Hair,4875445470,Black Short Parted Hair,65,https://robloxoutfits.net/outfits/streetwear/under-200-robux/
Streetwear,Under 200 Robux,6,130,Accessory,6741584766,Y2K Grunge White Shoulder Bag,55,https://robloxoutfits.net/outfits/streetwear/under-200-robux/
Streetwear,Under 200 Robux,7,170,Shirt,134609980476322,Black Emo Girl Fairy Streetwear DaHoodEvade,5,https://robloxoutfits.net/outfits/streetwear/under-200-robux/
Streetwear,Under 200 Robux,7,170,Pants,7581780596,vamp emo cyber y2k streetwear grim rock evade vkei,5,https://robloxoutfits.net/outfits/streetwear/under-200-robux/
Streetwear,Under 200 Robux,7,170,Hair,11770892209,Grunge wolf hair Black,65,https://robloxoutfits.net/outfits/streetwear/under-200-robux/
Streetwear,Under 200 Robux,7,170,Accessory,16139148510,Y2K Punk Cap(Black),95,https://robloxoutfits.net/outfits/streetwear/under-200-robux/
Streetwear,Under 200 Robux,8,170,Shirt,134609980476322,Black Emo Girl Fairy Streetwear DaHoodEvade,5,https://robloxoutfits.net/outfits/streetwear/under-200-robux/
Streetwear,Under 200 Robux,8,170,Pants,15491580408,grey y2k star da hood jeans emo cute streetwear,5,https://robloxoutfits.net/outfits/streetwear/under-200-robux/
Streetwear,Under 200 Robux,8,170,Hair,11770892209,Grunge wolf hair Black,65,https://robloxoutfits.net/outfits/streetwear/under-200-robux/
Streetwear,Under 200 Robux,8,170,Accessory,16139148510,Y2K Punk Cap(Black),95,https://robloxoutfits.net/outfits/streetwear/under-200-robux/
Streetwear,Under 200 Robux,9,10,Shirt,130001607380581,acubi thrifted jeans y2k streetwear 2000s,5,https://robloxoutfits.net/outfits/streetwear/under-200-robux/
Streetwear,Under 200 Robux,9,10,Pants,9154749510,beige emo khaki grunge y2k goth emo extreme boy,5,https://robloxoutfits.net/outfits/streetwear/under-200-robux/
Streetwear,Under 200 Robux,9,10,Hair,1103003368,Orange Beanie with Black Hair,0,https://robloxoutfits.net/outfits/streetwear/under-200-robux/
Streetwear,Under 200 Robux,9,10,Accessory,111309020104393,Clear Streetwear Flame Hat  |  Code: ClrHat,0,https://robloxoutfits.net/outfits/streetwear/under-200-robux/
Streetwear,Under 200 Robux,10,10,Shirt,124218548773697,belt stack y2k streetwear top,5,https://robloxoutfits.net/outfits/streetwear/under-200-robux/
Streetwear,Under 200 Robux,10,10,Pants,9154749510,beige emo khaki grunge y2k goth emo extreme boy,5,https://robloxoutfits.net/outfits/streetwear/under-200-robux/
Streetwear,Under 200 Robux,10,10,Hair,1103003368,Orange Beanie with Black Hair,0,https://robloxoutfits.net/outfits/streetwear/under-200-robux/
Streetwear,Under 200 Robux,10,10,Accessory,111309020104393,Clear Streetwear Flame Hat  |  Code: ClrHat,0,https://robloxoutfits.net/outfits/streetwear/under-200-robux/
Streetwear,Under 200 Robux,11,10,Shirt,130001607380581,acubi thrifted jeans y2k streetwear 2000s,5,https://robloxoutfits.net/outfits/streetwear/under-200-robux/
Streetwear,Under 200 Robux,11,10,Pants,6054064906,y2k grunge ludic punk cyber streetwear vamp emo ok,5,https://robloxoutfits.net/outfits/streetwear/under-200-robux/
Streetwear,Under 200 Robux,11,10,Hair,376548738,Brown Charmer Hair,0,https://robloxoutfits.net/outfits/streetwear/under-200-robux/
Streetwear,Under 200 Robux,11,10,Accessory,134160871282245,White Grunge Beret Y2K,0,https://robloxoutfits.net/outfits/streetwear/under-200-robux/
Streetwear,Under 200 Robux,12,10,Shirt,124218548773697,belt stack y2k streetwear top,5,https://robloxoutfits.net/outfits/streetwear/under-200-robux/
Streetwear,Under 200 Robux,12,10,Pants,6054064906,y2k grunge ludic punk cyber streetwear vamp emo ok,5,https://robloxoutfits.net/outfits/streetwear/under-200-robux/
Streetwear,Under 200 Robux,12,10,Hair,376548738,Brown Charmer Hair,0,https://robloxoutfits.net/outfits/streetwear/under-200-robux/
Streetwear,Under 200 Robux,12,10,Accessory,134160871282245,White Grunge Beret Y2K,0,https://robloxoutfits.net/outfits/streetwear/under-200-robux/
Y2K,Almost free,1,10,Shirt,18873871147,𝕮𝕲 🤍 y2k white harley racer punk cyber crop top,5,https://robloxoutfits.net/outfits/y2k/almost-free/
Y2K,Almost free,1,10,Pants,14760581933,black y2k cyber star jeans dahood cross rot envy,5,https://robloxoutfits.net/outfits/y2k/almost-free/
Y2K,Almost free,1,10,Hair,451221329,True Blue Hair,0,https://robloxoutfits.net/outfits/y2k/almost-free/
Y2K,Almost free,2,14,Shirt,12119453075,Y2k cute red tank top,9,https://robloxoutfits.net/outfits/y2k/almost-free/
Y2K,Almost free,2,14,Pants,14760581933,black y2k cyber star jeans dahood cross rot envy,5,https://robloxoutfits.net/outfits/y2k/almost-free/
Y2K,Almost free,2,14,Hair,451221329,True Blue Hair,0,https://robloxoutfits.net/outfits/y2k/almost-free/
Y2K,Almost free,3,12,Shirt,18873871147,𝕮𝕲 🤍 y2k white harley racer punk cyber crop top,5,https://robloxoutfits.net/outfits/y2k/almost-free/
Y2K,Almost free,3,12,Pants,127119839207288,y2k Balenciaga,7,https://robloxoutfits.net/outfits/y2k/almost-free/
Y2K,Almost free,3,12,Hair,16911622494,Catalog Avatar Creator: Messy Y2K Summer Boy Hair,0,https://robloxoutfits.net/outfits/y2k/almost-free/
Y2K,Almost free,4,12,Shirt,6382431722,✅ black y2k cross cyber tank da hood emo stripe,5,https://robloxoutfits.net/outfits/y2k/almost-free/
Y2K,Almost free,4,12,Pants,127119839207288,y2k Balenciaga,7,https://robloxoutfits.net/outfits/y2k/almost-free/
Y2K,Almost free,4,12,Hair,16911622494,Catalog Avatar Creator: Messy Y2K Summer Boy Hair,0,https://robloxoutfits.net/outfits/y2k/almost-free/
Y2K,Almost free,5,14,Shirt,12119453075,Y2k cute red tank top,9,https://robloxoutfits.net/outfits/y2k/almost-free/
Y2K,Almost free,5,14,Pants,7220612603,Black Silk Mini Dress necklace jeans y2k goth,5,https://robloxoutfits.net/outfits/y2k/almost-free/
Y2K,Almost free,5,14,Hair,137683534008926,Y2K Messy Half Up Hair (Lavender),0,https://robloxoutfits.net/outfits/y2k/almost-free/
Y2K,Almost free,6,10,Shirt,6382431722,✅ black y2k cross cyber tank da hood emo stripe,5,https://robloxoutfits.net/outfits/y2k/almost-free/
Y2K,Almost free,6,10,Pants,7220612603,Black Silk Mini Dress necklace jeans y2k goth,5,https://robloxoutfits.net/outfits/y2k/almost-free/
Y2K,Almost free,6,10,Hair,137683534008926,Y2K Messy Half Up Hair (Lavender),0,https://robloxoutfits.net/outfits/y2k/almost-free/
Y2K,Almost free,7,12,Shirt,83901968306321,2000 y2k winter emo,7,https://robloxoutfits.net/outfits/y2k/almost-free/
Y2K,Almost free,7,12,Pants,6885458963,christmas y2k cottage core green sage vintage,5,https://robloxoutfits.net/outfits/y2k/almost-free/
Y2K,Almost free,7,12,Hair,118075499264073,Y2K Green/Blue Long Hair,0,https://robloxoutfits.net/outfits/y2k/almost-free/
Y2K,Almost free,8,10,Shirt,5532806467,y2k Black Aesthetic,5,https://robloxoutfits.net/outfits/y2k/almost-free/
Y2K,Almost free,8,10,Pants,6885458963,christmas y2k cottage core green sage vintage,5,https://robloxoutfits.net/outfits/y2k/almost-free/
Y2K,Almost free,8,10,Hair,118075499264073,Y2K Green/Blue Long Hair,0,https://robloxoutfits.net/outfits/y2k/almost-free/
Y2K,Almost free,9,12,Shirt,83901968306321,2000 y2k winter emo,7,https://robloxoutfits.net/outfits/y2k/almost-free/
Y2K,Almost free,9,12,Pants,6986198004,Black and pink Y2K pretty gothic vamp skirt,5,https://robloxoutfits.net/outfits/y2k/almost-free/
Y2K,Almost free,9,12,Hair,14400447529,Y2K Wavy Pigtails Pink to Blue,0,https://robloxoutfits.net/outfits/y2k/almost-free/
Y2K,Almost free,10,10,Shirt,5532806467,y2k Black Aesthetic,5,https://robloxoutfits.net/outfits/y2k/almost-free/
Y2K,Almost free,10,10,Pants,6986198004,Black and pink Y2K pretty gothic vamp skirt,5,https://robloxoutfits.net/outfits/y2k/almost-free/
Y2K,Almost free,10,10,Hair,14400447529,Y2K Wavy Pigtails Pink to Blue,0,https://robloxoutfits.net/outfits/y2k/almost-free/
Y2K,Almost free,11,11,Shirt,128773837256848,maid outfit catgirl anime troll y2k emo,5,https://robloxoutfits.net/outfits/y2k/almost-free/
Y2K,Almost free,11,11,Pants,7777148211,🌱 green y2k cottagecore kawaii vintage dress,6,https://robloxoutfits.net/outfits/y2k/almost-free/
Y2K,Almost free,11,11,Hair,80363902998890,Y2K Pink/Purple Long Hair,0,https://robloxoutfits.net/outfits/y2k/almost-free/
Y2K,Almost free,12,10,Shirt,128773837256848,maid outfit catgirl anime troll y2k emo,5,https://robloxoutfits.net/outfits/y2k/almost-free/
Y2K,Almost free,12,10,Pants,15439791458,y2k white star da hood jeans outfit vkei,5,https://robloxoutfits.net/outfits/y2k/almost-free/
Y2K,Almost free,12,10,Hair,80363902998890,Y2K Pink/Purple Long Hair,0,https://robloxoutfits.net/outfits/y2k/almost-free/
Y2K,Under 50 Robux,1,10,Shirt,18873871147,𝕮𝕲 🤍 y2k white harley racer punk cyber crop top,5,https://robloxoutfits.net/outfits/y2k/under-50-robux/
Y2K,Under 50 Robux,1,10,Pants,14760581933,black y2k cyber star jeans dahood cross rot envy,5,https://robloxoutfits.net/outfits/y2k/under-50-robux/
Y2K,Under 50 Robux,1,10,Hair,451221329,True Blue Hair,0,https://robloxoutfits.net/outfits/y2k/under-50-robux/
Y2K,Under 50 Robux,2,14,Shirt,12119453075,Y2k cute red tank top,9,https://robloxoutfits.net/outfits/y2k/under-50-robux/
Y2K,Under 50 Robux,2,14,Pants,14760581933,black y2k cyber star jeans dahood cross rot envy,5,https://robloxoutfits.net/outfits/y2k/under-50-robux/
Y2K,Under 50 Robux,2,14,Hair,451221329,True Blue Hair,0,https://robloxoutfits.net/outfits/y2k/under-50-robux/
Y2K,Under 50 Robux,3,12,Shirt,18873871147,𝕮𝕲 🤍 y2k white harley racer punk cyber crop top,5,https://robloxoutfits.net/outfits/y2k/under-50-robux/
Y2K,Under 50 Robux,3,12,Pants,127119839207288,y2k Balenciaga,7,https://robloxoutfits.net/outfits/y2k/under-50-robux/
Y2K,Under 50 Robux,3,12,Hair,16911622494,Catalog Avatar Creator: Messy Y2K Summer Boy Hair,0,https://robloxoutfits.net/outfits/y2k/under-50-robux/
Y2K,Under 50 Robux,4,16,Shirt,12119453075,Y2k cute red tank top,9,https://robloxoutfits.net/outfits/y2k/under-50-robux/
Y2K,Under 50 Robux,4,16,Pants,127119839207288,y2k Balenciaga,7,https://robloxoutfits.net/outfits/y2k/under-50-robux/
Y2K,Under 50 Robux,4,16,Hair,16911622494,Catalog Avatar Creator: Messy Y2K Summer Boy Hair,0,https://robloxoutfits.net/outfits/y2k/under-50-robux/
Y2K,Under 50 Robux,5,10,Shirt,6382431722,✅ black y2k cross cyber tank da hood emo stripe,5,https://robloxoutfits.net/outfits/y2k/under-50-robux/
Y2K,Under 50 Robux,5,10,Pants,7220612603,Black Silk Mini Dress necklace jeans y2k goth,5,https://robloxoutfits.net/outfits/y2k/under-50-robux/
Y2K,Under 50 Robux,5,10,Hair,137683534008926,Y2K Messy Half Up Hair (Lavender),0,https://robloxoutfits.net/outfits/y2k/under-50-robux/
Y2K,Under 50 Robux,6,12,Shirt,83901968306321,2000 y2k winter emo,7,https://robloxoutfits.net/outfits/y2k/under-50-robux/
Y2K,Under 50 Robux,6,12,Pants,7220612603,Black Silk Mini Dress necklace jeans y2k goth,5,https://robloxoutfits.net/outfits/y2k/under-50-robux/
Y2K,Under 50 Robux,6,12,Hair,137683534008926,Y2K Messy Half Up Hair (Lavender),0,https://robloxoutfits.net/outfits/y2k/under-50-robux/
Y2K,Under 50 Robux,7,10,Shirt,6382431722,✅ black y2k cross cyber tank da hood emo stripe,5,https://robloxoutfits.net/outfits/y2k/under-50-robux/
Y2K,Under 50 Robux,7,10,Pants,6885458963,christmas y2k cottage core green sage vintage,5,https://robloxoutfits.net/outfits/y2k/under-50-robux/
Y2K,Under 50 Robux,7,10,Hair,118075499264073,Y2K Green/Blue Long Hair,0,https://robloxoutfits.net/outfits/y2k/under-50-robux/
Y2K,Under 50 Robux,8,12,Shirt,83901968306321,2000 y2k winter emo,7,https://robloxoutfits.net/outfits/y2k/under-50-robux/
Y2K,Under 50 Robux,8,12,Pants,6885458963,christmas y2k cottage core green sage vintage,5,https://robloxoutfits.net/outfits/y2k/under-50-robux/
Y2K,Under 50 Robux,8,12,Hair,118075499264073,Y2K Green/Blue Long Hair,0,https://robloxoutfits.net/outfits/y2k/under-50-robux/
Y2K,Under 50 Robux,9,10,Shirt,5532806467,y2k Black Aesthetic,5,https://robloxoutfits.net/outfits/y2k/under-50-robux/
Y2K,Under 50 Robux,9,10,Pants,6986198004,Black and pink Y2K pretty gothic vamp skirt,5,https://robloxoutfits.net/outfits/y2k/under-50-robux/
Y2K,Under 50 Robux,9,10,Hair,14400447529,Y2K Wavy Pigtails Pink to Blue,0,https://robloxoutfits.net/outfits/y2k/under-50-robux/
Y2K,Under 50 Robux,10,11,Shirt,5532806467,y2k Black Aesthetic,5,https://robloxoutfits.net/outfits/y2k/under-50-robux/
Y2K,Under 50 Robux,10,11,Pants,7777148211,🌱 green y2k cottagecore kawaii vintage dress,6,https://robloxoutfits.net/outfits/y2k/under-50-robux/
Y2K,Under 50 Robux,10,11,Hair,14400447529,Y2K Wavy Pigtails Pink to Blue,0,https://robloxoutfits.net/outfits/y2k/under-50-robux/
Y2K,Under 50 Robux,11,10,Shirt,128773837256848,maid outfit catgirl anime troll y2k emo,5,https://robloxoutfits.net/outfits/y2k/under-50-robux/
Y2K,Under 50 Robux,11,10,Pants,6986198004,Black and pink Y2K pretty gothic vamp skirt,5,https://robloxoutfits.net/outfits/y2k/under-50-robux/
Y2K,Under 50 Robux,11,10,Hair,80363902998890,Y2K Pink/Purple Long Hair,0,https://robloxoutfits.net/outfits/y2k/under-50-robux/
Y2K,Under 50 Robux,12,11,Shirt,128773837256848,maid outfit catgirl anime troll y2k emo,5,https://robloxoutfits.net/outfits/y2k/under-50-robux/
Y2K,Under 50 Robux,12,11,Pants,7777148211,🌱 green y2k cottagecore kawaii vintage dress,6,https://robloxoutfits.net/outfits/y2k/under-50-robux/
Y2K,Under 50 Robux,12,11,Hair,80363902998890,Y2K Pink/Purple Long Hair,0,https://robloxoutfits.net/outfits/y2k/under-50-robux/
Y2K,Under 100 Robux,1,65,Shirt,18873871147,𝕮𝕲 🤍 y2k white harley racer punk cyber crop top,5,https://robloxoutfits.net/outfits/y2k/under-100-robux/
Y2K,Under 100 Robux,1,65,Pants,14760581933,black y2k cyber star jeans dahood cross rot envy,5,https://robloxoutfits.net/outfits/y2k/under-100-robux/
Y2K,Under 100 Robux,1,65,Hair,451221329,True Blue Hair,0,https://robloxoutfits.net/outfits/y2k/under-100-robux/
Y2K,Under 100 Robux,1,65,Accessory,9324091278,Y2K Heart Necklace,55,https://robloxoutfits.net/outfits/y2k/under-100-robux/
Y2K,Under 100 Robux,2,69,Shirt,12119453075,Y2k cute red tank top,9,https://robloxoutfits.net/outfits/y2k/under-100-robux/
Y2K,Under 100 Robux,2,69,Pants,14760581933,black y2k cyber star jeans dahood cross rot envy,5,https://robloxoutfits.net/outfits/y2k/under-100-robux/
Y2K,Under 100 Robux,2,69,Hair,451221329,True Blue Hair,0,https://robloxoutfits.net/outfits/y2k/under-100-robux/
Y2K,Under 100 Robux,2,69,Accessory,9324091278,Y2K Heart Necklace,55,https://robloxoutfits.net/outfits/y2k/under-100-robux/
Y2K,Under 100 Robux,3,67,Shirt,18873871147,𝕮𝕲 🤍 y2k white harley racer punk cyber crop top,5,https://robloxoutfits.net/outfits/y2k/under-100-robux/
Y2K,Under 100 Robux,3,67,Pants,127119839207288,y2k Balenciaga,7,https://robloxoutfits.net/outfits/y2k/under-100-robux/
Y2K,Under 100 Robux,3,67,Hair,16911622494,Catalog Avatar Creator: Messy Y2K Summer Boy Hair,0,https://robloxoutfits.net/outfits/y2k/under-100-robux/
Y2K,Under 100 Robux,3,67,Accessory,8185216491,Y2K Silver Heart Belly Piercing,55,https://robloxoutfits.net/outfits/y2k/under-100-robux/
Y2K,Under 100 Robux,4,71,Shirt,12119453075,Y2k cute red tank top,9,https://robloxoutfits.net/outfits/y2k/under-100-robux/
Y2K,Under 100 Robux,4,71,Pants,127119839207288,y2k Balenciaga,7,https://robloxoutfits.net/outfits/y2k/under-100-robux/
Y2K,Under 100 Robux,4,71,Hair,16911622494,Catalog Avatar Creator: Messy Y2K Summer Boy Hair,0,https://robloxoutfits.net/outfits/y2k/under-100-robux/
Y2K,Under 100 Robux,4,71,Accessory,8185216491,Y2K Silver Heart Belly Piercing,55,https://robloxoutfits.net/outfits/y2k/under-100-robux/
Y2K,Under 100 Robux,5,75,Shirt,6382431722,✅ black y2k cross cyber tank da hood emo stripe,5,https://robloxoutfits.net/outfits/y2k/under-100-robux/
Y2K,Under 100 Robux,5,75,Pants,7220612603,Black Silk Mini Dress necklace jeans y2k goth,5,https://robloxoutfits.net/outfits/y2k/under-100-robux/
Y2K,Under 100 Robux,5,75,Hair,10482964428,Y2K Layered Wolfcut (Blonde),65,https://robloxoutfits.net/outfits/y2k/under-100-robux/
Y2K,Under 100 Robux,6,77,Shirt,83901968306321,2000 y2k winter emo,7,https://robloxoutfits.net/outfits/y2k/under-100-robux/
Y2K,Under 100 Robux,6,77,Pants,7220612603,Black Silk Mini Dress necklace jeans y2k goth,5,https://robloxoutfits.net/outfits/y2k/under-100-robux/
Y2K,Under 100 Robux,6,77,Hair,10482964428,Y2K Layered Wolfcut (Blonde),65,https://robloxoutfits.net/outfits/y2k/under-100-robux/
Y2K,Under 100 Robux,7,10,Shirt,6382431722,✅ black y2k cross cyber tank da hood emo stripe,5,https://robloxoutfits.net/outfits/y2k/under-100-robux/
Y2K,Under 100 Robux,7,10,Pants,6885458963,christmas y2k cottage core green sage vintage,5,https://robloxoutfits.net/outfits/y2k/under-100-robux/
Y2K,Under 100 Robux,7,10,Hair,137683534008926,Y2K Messy Half Up Hair (Lavender),0,https://robloxoutfits.net/outfits/y2k/under-100-robux/
Y2K,Under 100 Robux,8,12,Shirt,83901968306321,2000 y2k winter emo,7,https://robloxoutfits.net/outfits/y2k/under-100-robux/
Y2K,Under 100 Robux,8,12,Pants,6885458963,christmas y2k cottage core green sage vintage,5,https://robloxoutfits.net/outfits/y2k/under-100-robux/
Y2K,Under 100 Robux,8,12,Hair,137683534008926,Y2K Messy Half Up Hair (Lavender),0,https://robloxoutfits.net/outfits/y2k/under-100-robux/
Y2K,Under 100 Robux,9,10,Shirt,5532806467,y2k Black Aesthetic,5,https://robloxoutfits.net/outfits/y2k/under-100-robux/
Y2K,Under 100 Robux,9,10,Pants,6986198004,Black and pink Y2K pretty gothic vamp skirt,5,https://robloxoutfits.net/outfits/y2k/under-100-robux/
Y2K,Under 100 Robux,9,10,Hair,118075499264073,Y2K Green/Blue Long Hair,0,https://robloxoutfits.net/outfits/y2k/under-100-robux/
Y2K,Under 100 Robux,10,11,Shirt,5532806467,y2k Black Aesthetic,5,https://robloxoutfits.net/outfits/y2k/under-100-robux/
Y2K,Under 100 Robux,10,11,Pants,7777148211,🌱 green y2k cottagecore kawaii vintage dress,6,https://robloxoutfits.net/outfits/y2k/under-100-robux/
Y2K,Under 100 Robux,10,11,Hair,118075499264073,Y2K Green/Blue Long Hair,0,https://robloxoutfits.net/outfits/y2k/under-100-robux/
Y2K,Under 100 Robux,11,10,Shirt,128773837256848,maid outfit catgirl anime troll y2k emo,5,https://robloxoutfits.net/outfits/y2k/under-100-robux/
Y2K,Under 100 Robux,11,10,Pants,6986198004,Black and pink Y2K pretty gothic vamp skirt,5,https://robloxoutfits.net/outfits/y2k/under-100-robux/
Y2K,Under 100 Robux,11,10,Hair,14400447529,Y2K Wavy Pigtails Pink to Blue,0,https://robloxoutfits.net/outfits/y2k/under-100-robux/
Y2K,Under 100 Robux,12,11,Shirt,128773837256848,maid outfit catgirl anime troll y2k emo,5,https://robloxoutfits.net/outfits/y2k/under-100-robux/
Y2K,Under 100 Robux,12,11,Pants,7777148211,🌱 green y2k cottagecore kawaii vintage dress,6,https://robloxoutfits.net/outfits/y2k/under-100-robux/
Y2K,Under 100 Robux,12,11,Hair,14400447529,Y2K Wavy Pigtails Pink to Blue,0,https://robloxoutfits.net/outfits/y2k/under-100-robux/
Y2K,Under 200 Robux,1,170,Shirt,18873871147,𝕮𝕲 🤍 y2k white harley racer punk cyber crop top,5,https://robloxoutfits.net/outfits/y2k/under-200-robux/
Y2K,Under 200 Robux,1,170,Pants,14760581933,black y2k cyber star jeans dahood cross rot envy,5,https://robloxoutfits.net/outfits/y2k/under-200-robux/
Y2K,Under 200 Robux,1,170,Hair,10482964428,Y2K Layered Wolfcut (Blonde),65,https://robloxoutfits.net/outfits/y2k/under-200-robux/
Y2K,Under 200 Robux,1,170,Accessory,8207724090,Black Y2K Cyberstar Glasses,95,https://robloxoutfits.net/outfits/y2k/under-200-robux/
Y2K,Under 200 Robux,2,174,Shirt,12119453075,Y2k cute red tank top,9,https://robloxoutfits.net/outfits/y2k/under-200-robux/
Y2K,Under 200 Robux,2,174,Pants,14760581933,black y2k cyber star jeans dahood cross rot envy,5,https://robloxoutfits.net/outfits/y2k/under-200-robux/
Y2K,Under 200 Robux,2,174,Hair,10482964428,Y2K Layered Wolfcut (Blonde),65,https://robloxoutfits.net/outfits/y2k/under-200-robux/
Y2K,Under 200 Robux,2,174,Accessory,8207724090,Black Y2K Cyberstar Glasses,95,https://robloxoutfits.net/outfits/y2k/under-200-robux/
Y2K,Under 200 Robux,3,107,Shirt,18873871147,𝕮𝕲 🤍 y2k white harley racer punk cyber crop top,5,https://robloxoutfits.net/outfits/y2k/under-200-robux/
Y2K,Under 200 Robux,3,107,Pants,127119839207288,y2k Balenciaga,7,https://robloxoutfits.net/outfits/y2k/under-200-robux/
Y2K,Under 200 Robux,3,107,Hair,451221329,True Blue Hair,0,https://robloxoutfits.net/outfits/y2k/under-200-robux/
Y2K,Under 200 Robux,3,107,Accessory,95436869866035,y2k Black Spikey Beret cap,95,https://robloxoutfits.net/outfits/y2k/under-200-robux/
Y2K,Under 200 Robux,4,111,Shirt,12119453075,Y2k cute red tank top,9,https://robloxoutfits.net/outfits/y2k/under-200-robux/
Y2K,Under 200 Robux,4,111,Pants,127119839207288,y2k Balenciaga,7,https://robloxoutfits.net/outfits/y2k/under-200-robux/
Y2K,Under 200 Robux,4,111,Hair,451221329,True Blue Hair,0,https://robloxoutfits.net/outfits/y2k/under-200-robux/
Y2K,Under 200 Robux,4,111,Accessory,95436869866035,y2k Black Spikey Beret cap,95,https://robloxoutfits.net/outfits/y2k/under-200-robux/
Y2K,Under 200 Robux,5,105,Shirt,6382431722,✅ black y2k cross cyber tank da hood emo stripe,5,https://robloxoutfits.net/outfits/y2k/under-200-robux/
Y2K,Under 200 Robux,5,105,Pants,7220612603,Black Silk Mini Dress necklace jeans y2k goth,5,https://robloxoutfits.net/outfits/y2k/under-200-robux/
Y2K,Under 200 Robux,5,105,Hair,16911622494,Catalog Avatar Creator: Messy Y2K Summer Boy Hair,0,https://robloxoutfits.net/outfits/y2k/under-200-robux/
Y2K,Under 200 Robux,5,105,Accessory,12337910749,Y2K White Knitted Rabbit Beanie,95,https://robloxoutfits.net/outfits/y2k/under-200-robux/
Y2K,Under 200 Robux,6,107,Shirt,83901968306321,2000 y2k winter emo,7,https://robloxoutfits.net/outfits/y2k/under-200-robux/
Y2K,Under 200 Robux,6,107,Pants,7220612603,Black Silk Mini Dress necklace jeans y2k goth,5,https://robloxoutfits.net/outfits/y2k/under-200-robux/
Y2K,Under 200 Robux,6,107,Hair,16911622494,Catalog Avatar Creator: Messy Y2K Summer Boy Hair,0,https://robloxoutfits.net/outfits/y2k/under-200-robux/
Y2K,Under 200 Robux,6,107,Accessory,12337910749,Y2K White Knitted Rabbit Beanie,95,https://robloxoutfits.net/outfits/y2k/under-200-robux/
Y2K,Under 200 Robux,7,105,Shirt,6382431722,✅ black y2k cross cyber tank da hood emo stripe,5,https://robloxoutfits.net/outfits/y2k/under-200-robux/
Y2K,Under 200 Robux,7,105,Pants,6885458963,christmas y2k cottage core green sage vintage,5,https://robloxoutfits.net/outfits/y2k/under-200-robux/
Y2K,Under 200 Robux,7,105,Hair,137683534008926,Y2K Messy Half Up Hair (Lavender),0,https://robloxoutfits.net/outfits/y2k/under-200-robux/
Y2K,Under 200 Robux,7,105,Accessory,8995513049,Y2K Spikey Beret,95,https://robloxoutfits.net/outfits/y2k/under-200-robux/
Y2K,Under 200 Robux,8,107,Shirt,83901968306321,2000 y2k winter emo,7,https://robloxoutfits.net/outfits/y2k/under-200-robux/
Y2K,Under 200 Robux,8,107,Pants,6885458963,christmas y2k cottage core green sage vintage,5,https://robloxoutfits.net/outfits/y2k/under-200-robux/
Y2K,Under 200 Robux,8,107,Hair,137683534008926,Y2K Messy Half Up Hair (Lavender),0,https://robloxoutfits.net/outfits/y2k/under-200-robux/
Y2K,Under 200 Robux,8,107,Accessory,8995513049,Y2K Spikey Beret,95,https://robloxoutfits.net/outfits/y2k/under-200-robux/
Y2K,Under 200 Robux,9,105,Shirt,5532806467,y2k Black Aesthetic,5,https://robloxoutfits.net/outfits/y2k/under-200-robux/
Y2K,Under 200 Robux,9,105,Pants,6986198004,Black and pink Y2K pretty gothic vamp skirt,5,https://robloxoutfits.net/outfits/y2k/under-200-robux/
Y2K,Under 200 Robux,9,105,Hair,118075499264073,Y2K Green/Blue Long Hair,0,https://robloxoutfits.net/outfits/y2k/under-200-robux/
Y2K,Under 200 Robux,9,105,Accessory,13685386315,Y2K Multiverse Boy Beanie,95,https://robloxoutfits.net/outfits/y2k/under-200-robux/
Y2K,Under 200 Robux,10,106,Shirt,5532806467,y2k Black Aesthetic,5,https://robloxoutfits.net/outfits/y2k/under-200-robux/
Y2K,Under 200 Robux,10,106,Pants,7777148211,🌱 green y2k cottagecore kawaii vintage dress,6,https://robloxoutfits.net/outfits/y2k/under-200-robux/
Y2K,Under 200 Robux,10,106,Hair,118075499264073,Y2K Green/Blue Long Hair,0,https://robloxoutfits.net/outfits/y2k/under-200-robux/
Y2K,Under 200 Robux,10,106,Accessory,13685386315,Y2K Multiverse Boy Beanie,95,https://robloxoutfits.net/outfits/y2k/under-200-robux/
Y2K,Under 200 Robux,11,65,Shirt,128773837256848,maid outfit catgirl anime troll y2k emo,5,https://robloxoutfits.net/outfits/y2k/under-200-robux/
Y2K,Under 200 Robux,11,65,Pants,6986198004,Black and pink Y2K pretty gothic vamp skirt,5,https://robloxoutfits.net/outfits/y2k/under-200-robux/
Y2K,Under 200 Robux,11,65,Hair,14400447529,Y2K Wavy Pigtails Pink to Blue,0,https://robloxoutfits.net/outfits/y2k/under-200-robux/
Y2K,Under 200 Robux,11,65,Accessory,9324091278,Y2K Heart Necklace,55,https://robloxoutfits.net/outfits/y2k/under-200-robux/
Y2K,Under 200 Robux,12,66,Shirt,128773837256848,maid outfit catgirl anime troll y2k emo,5,https://robloxoutfits.net/outfits/y2k/under-200-robux/
Y2K,Under 200 Robux,12,66,Pants,7777148211,🌱 green y2k cottagecore kawaii vintage dress,6,https://robloxoutfits.net/outfits/y2k/under-200-robux/
Y2K,Under 200 Robux,12,66,Hair,14400447529,Y2K Wavy Pigtails Pink to Blue,0,https://robloxoutfits.net/outfits/y2k/under-200-robux/
Y2K,Under 200 Robux,12,66,Accessory,9324091278,Y2K Heart Necklace,55,https://robloxoutfits.net/outfits/y2k/under-200-robux/
Cute,Almost free,1,11,Shirt,77255025903305,pink cute doll kawaii,5,https://robloxoutfits.net/outfits/cute/almost-free/
Cute,Almost free,1,11,Pants,1160488459,💗 Pink! Trendy Girls Cute Casual Outfit,6,https://robloxoutfits.net/outfits/cute/almost-free/
Cute,Almost free,1,11,Hair,2956239660,Belle Of Belfast Long Red Hair,0,https://robloxoutfits.net/outfits/cute/almost-free/
Cute,Almost free,2,15,Shirt,77255025903305,pink cute doll kawaii,5,https://robloxoutfits.net/outfits/cute/almost-free/
Cute,Almost free,2,15,Pants,1160473649,💛 Cute Girls Outfit Stripey Vibes ⏫,10,https://robloxoutfits.net/outfits/cute/almost-free/
Cute,Almost free,2,15,Hair,2956239660,Belle Of Belfast Long Red Hair,0,https://robloxoutfits.net/outfits/cute/almost-free/
Cute,Almost free,3,11,Shirt,78866285336015,cute polkadot matching dahood music notes aw,5,https://robloxoutfits.net/outfits/cute/almost-free/
Cute,Almost free,3,11,Pants,1160488459,💗 Pink! Trendy Girls Cute Casual Outfit,6,https://robloxoutfits.net/outfits/cute/almost-free/
Cute,Almost free,3,11,Hair,71738277767231,❤️ FREE CODE: S014 ❤️ | Cute Blonde hair W/pigtail,0,https://robloxoutfits.net/outfits/cute/almost-free/
Cute,Almost free,4,15,Shirt,78866285336015,cute polkadot matching dahood music notes aw,5,https://robloxoutfits.net/outfits/cute/almost-free/
Cute,Almost free,4,15,Pants,1160473649,💛 Cute Girls Outfit Stripey Vibes ⏫,10,https://robloxoutfits.net/outfits/cute/almost-free/
Cute,Almost free,4,15,Hair,71738277767231,❤️ FREE CODE: S014 ❤️ | Cute Blonde hair W/pigtail,0,https://robloxoutfits.net/outfits/cute/almost-free/
Cute,Almost free,5,15,Shirt,126179899701875,🐣Cute easter chick overalls🐣 eatser chicken,5,https://robloxoutfits.net/outfits/cute/almost-free/
Cute,Almost free,5,15,Pants,1160488069,✪ Floral Designer Cute Outfit,10,https://robloxoutfits.net/outfits/cute/almost-free/
Cute,Almost free,5,15,Hair,125345583723447,Brown Cute Puppy Ear Hair (Free),0,https://robloxoutfits.net/outfits/cute/almost-free/
Cute,Almost free,6,15,Shirt,112943137441722,cute black n white kawaii uniform cutesy school,5,https://robloxoutfits.net/outfits/cute/almost-free/
Cute,Almost free,6,15,Pants,1160488069,✪ Floral Designer Cute Outfit,10,https://robloxoutfits.net/outfits/cute/almost-free/
Cute,Almost free,6,15,Hair,125345583723447,Brown Cute Puppy Ear Hair (Free),0,https://robloxoutfits.net/outfits/cute/almost-free/
Cute,Almost free,7,10,Shirt,126179899701875,🐣Cute easter chick overalls🐣 eatser chicken,5,https://robloxoutfits.net/outfits/cute/almost-free/
Cute,Almost free,7,10,Pants,106532575969759,pink cute doll kawaii skirt pants,5,https://robloxoutfits.net/outfits/cute/almost-free/
Cute,Almost free,7,10,Hair,93346971914875,ノ꒰ (FREE UGC) Kitty pigtails white w/ cute clip♡,0,https://robloxoutfits.net/outfits/cute/almost-free/
Cute,Almost free,8,10,Shirt,112943137441722,cute black n white kawaii uniform cutesy school,5,https://robloxoutfits.net/outfits/cute/almost-free/
Cute,Almost free,8,10,Pants,106532575969759,pink cute doll kawaii skirt pants,5,https://robloxoutfits.net/outfits/cute/almost-free/
Cute,Almost free,8,10,Hair,93346971914875,ノ꒰ (FREE UGC) Kitty pigtails white w/ cute clip♡,0,https://robloxoutfits.net/outfits/cute/almost-free/
Cute,Almost free,9,10,Shirt,98151948460701,Cute Capybara Shirt,5,https://robloxoutfits.net/outfits/cute/almost-free/
Cute,Almost free,9,10,Pants,95334591326592,༺ Cute ♡ Cutecore ♡ Core  ༻,5,https://robloxoutfits.net/outfits/cute/almost-free/
Cute,Almost free,9,10,Hair,121814793694589,🍀Cute Two-side French Braids (Brown),0,https://robloxoutfits.net/outfits/cute/almost-free/
Cute,Almost free,10,10,Shirt,132122797155227,🍀Cute Button Crop Top - Black,5,https://robloxoutfits.net/outfits/cute/almost-free/
Cute,Almost free,10,10,Pants,95334591326592,༺ Cute ♡ Cutecore ♡ Core  ༻,5,https://robloxoutfits.net/outfits/cute/almost-free/
Cute,Almost free,10,10,Hair,121814793694589,🍀Cute Two-side French Braids (Brown),0,https://robloxoutfits.net/outfits/cute/almost-free/
Cute,Almost free,11,10,Shirt,98151948460701,Cute Capybara Shirt,5,https://robloxoutfits.net/outfits/cute/almost-free/
Cute,Almost free,11,10,Pants,121322491543545,cute pink,5,https://robloxoutfits.net/outfits/cute/almost-free/
Cute,Almost free,11,10,Hair,119218811341147,Cute Long Wavy Brown Hair With Blush 3.0,0,https://robloxoutfits.net/outfits/cute/almost-free/
Cute,Almost free,12,10,Shirt,132122797155227,🍀Cute Button Crop Top - Black,5,https://robloxoutfits.net/outfits/cute/almost-free/
Cute,Almost free,12,10,Pants,121322491543545,cute pink,5,https://robloxoutfits.net/outfits/cute/almost-free/
Cute,Almost free,12,10,Hair,119218811341147,Cute Long Wavy Brown Hair With Blush 3.0,0,https://robloxoutfits.net/outfits/cute/almost-free/
Cute,Under 50 Robux,1,11,Shirt,77255025903305,pink cute doll kawaii,5,https://robloxoutfits.net/outfits/cute/under-50-robux/
Cute,Under 50 Robux,1,11,Pants,1160488459,💗 Pink! Trendy Girls Cute Casual Outfit,6,https://robloxoutfits.net/outfits/cute/under-50-robux/
Cute,Under 50 Robux,1,11,Hair,2956239660,Belle Of Belfast Long Red Hair,0,https://robloxoutfits.net/outfits/cute/under-50-robux/
Cute,Under 50 Robux,2,20,Shirt,77255025903305,pink cute doll kawaii,5,https://robloxoutfits.net/outfits/cute/under-50-robux/
Cute,Under 50 Robux,2,20,Pants,1160489625,❀ Cute Weekend Girls Mall Outfit ❀,15,https://robloxoutfits.net/outfits/cute/under-50-robux/
Cute,Under 50 Robux,2,20,Hair,2956239660,Belle Of Belfast Long Red Hair,0,https://robloxoutfits.net/outfits/cute/under-50-robux/
Cute,Under 50 Robux,3,11,Shirt,78866285336015,cute polkadot matching dahood music notes aw,5,https://robloxoutfits.net/outfits/cute/under-50-robux/
Cute,Under 50 Robux,3,11,Pants,1160488459,💗 Pink! Trendy Girls Cute Casual Outfit,6,https://robloxoutfits.net/outfits/cute/under-50-robux/
Cute,Under 50 Robux,3,11,Hair,71738277767231,❤️ FREE CODE: S014 ❤️ | Cute Blonde hair W/pigtail,0,https://robloxoutfits.net/outfits/cute/under-50-robux/
Cute,Under 50 Robux,4,20,Shirt,78866285336015,cute polkadot matching dahood music notes aw,5,https://robloxoutfits.net/outfits/cute/under-50-robux/
Cute,Under 50 Robux,4,20,Pants,1160489625,❀ Cute Weekend Girls Mall Outfit ❀,15,https://robloxoutfits.net/outfits/cute/under-50-robux/
Cute,Under 50 Robux,4,20,Hair,71738277767231,❤️ FREE CODE: S014 ❤️ | Cute Blonde hair W/pigtail,0,https://robloxoutfits.net/outfits/cute/under-50-robux/
Cute,Under 50 Robux,5,15,Shirt,126179899701875,🐣Cute easter chick overalls🐣 eatser chicken,5,https://robloxoutfits.net/outfits/cute/under-50-robux/
Cute,Under 50 Robux,5,15,Pants,1160473649,💛 Cute Girls Outfit Stripey Vibes ⏫,10,https://robloxoutfits.net/outfits/cute/under-50-robux/
Cute,Under 50 Robux,5,15,Hair,125345583723447,Brown Cute Puppy Ear Hair (Free),0,https://robloxoutfits.net/outfits/cute/under-50-robux/
Cute,Under 50 Robux,6,15,Shirt,112943137441722,cute black n white kawaii uniform cutesy school,5,https://robloxoutfits.net/outfits/cute/under-50-robux/
Cute,Under 50 Robux,6,15,Pants,1160473649,💛 Cute Girls Outfit Stripey Vibes ⏫,10,https://robloxoutfits.net/outfits/cute/under-50-robux/
Cute,Under 50 Robux,6,15,Hair,125345583723447,Brown Cute Puppy Ear Hair (Free),0,https://robloxoutfits.net/outfits/cute/under-50-robux/
Cute,Under 50 Robux,7,15,Shirt,126179899701875,🐣Cute easter chick overalls🐣 eatser chicken,5,https://robloxoutfits.net/outfits/cute/under-50-robux/
Cute,Under 50 Robux,7,15,Pants,1160488069,✪ Floral Designer Cute Outfit,10,https://robloxoutfits.net/outfits/cute/under-50-robux/
Cute,Under 50 Robux,7,15,Hair,93346971914875,ノ꒰ (FREE UGC) Kitty pigtails white w/ cute clip♡,0,https://robloxoutfits.net/outfits/cute/under-50-robux/
Cute,Under 50 Robux,8,15,Shirt,112943137441722,cute black n white kawaii uniform cutesy school,5,https://robloxoutfits.net/outfits/cute/under-50-robux/
Cute,Under 50 Robux,8,15,Pants,1160488069,✪ Floral Designer Cute Outfit,10,https://robloxoutfits.net/outfits/cute/under-50-robux/
Cute,Under 50 Robux,8,15,Hair,93346971914875,ノ꒰ (FREE UGC) Kitty pigtails white w/ cute clip♡,0,https://robloxoutfits.net/outfits/cute/under-50-robux/
Cute,Under 50 Robux,9,10,Shirt,98151948460701,Cute Capybara Shirt,5,https://robloxoutfits.net/outfits/cute/under-50-robux/
Cute,Under 50 Robux,9,10,Pants,106532575969759,pink cute doll kawaii skirt pants,5,https://robloxoutfits.net/outfits/cute/under-50-robux/
Cute,Under 50 Robux,9,10,Hair,121814793694589,🍀Cute Two-side French Braids (Brown),0,https://robloxoutfits.net/outfits/cute/under-50-robux/
Cute,Under 50 Robux,10,10,Shirt,132122797155227,🍀Cute Button Crop Top - Black,5,https://robloxoutfits.net/outfits/cute/under-50-robux/
Cute,Under 50 Robux,10,10,Pants,106532575969759,pink cute doll kawaii skirt pants,5,https://robloxoutfits.net/outfits/cute/under-50-robux/
Cute,Under 50 Robux,10,10,Hair,121814793694589,🍀Cute Two-side French Braids (Brown),0,https://robloxoutfits.net/outfits/cute/under-50-robux/
Cute,Under 50 Robux,11,10,Shirt,98151948460701,Cute Capybara Shirt,5,https://robloxoutfits.net/outfits/cute/under-50-robux/
Cute,Under 50 Robux,11,10,Pants,95334591326592,༺ Cute ♡ Cutecore ♡ Core  ༻,5,https://robloxoutfits.net/outfits/cute/under-50-robux/
Cute,Under 50 Robux,11,10,Hair,119218811341147,Cute Long Wavy Brown Hair With Blush 3.0,0,https://robloxoutfits.net/outfits/cute/under-50-robux/
Cute,Under 50 Robux,12,10,Shirt,132122797155227,🍀Cute Button Crop Top - Black,5,https://robloxoutfits.net/outfits/cute/under-50-robux/
Cute,Under 50 Robux,12,10,Pants,95334591326592,༺ Cute ♡ Cutecore ♡ Core  ༻,5,https://robloxoutfits.net/outfits/cute/under-50-robux/
Cute,Under 50 Robux,12,10,Hair,119218811341147,Cute Long Wavy Brown Hair With Blush 3.0,0,https://robloxoutfits.net/outfits/cute/under-50-robux/
Cute,Under 100 Robux,1,100,Shirt,77255025903305,pink cute doll kawaii,5,https://robloxoutfits.net/outfits/cute/under-100-robux/
Cute,Under 100 Robux,1,100,Pants,106532575969759,pink cute doll kawaii skirt pants,5,https://robloxoutfits.net/outfits/cute/under-100-robux/
Cute,Under 100 Robux,1,100,Hair,2956239660,Belle Of Belfast Long Red Hair,0,https://robloxoutfits.net/outfits/cute/under-100-robux/
Cute,Under 100 Robux,1,100,Accessory,139853968205597,Silly Cute Niche Apple AI Fruit Head Mask,90,https://robloxoutfits.net/outfits/cute/under-100-robux/
Cute,Under 100 Robux,2,100,Shirt,77255025903305,pink cute doll kawaii,5,https://robloxoutfits.net/outfits/cute/under-100-robux/
Cute,Under 100 Robux,2,100,Pants,95334591326592,༺ Cute ♡ Cutecore ♡ Core  ༻,5,https://robloxoutfits.net/outfits/cute/under-100-robux/
Cute,Under 100 Robux,2,100,Hair,2956239660,Belle Of Belfast Long Red Hair,0,https://robloxoutfits.net/outfits/cute/under-100-robux/
Cute,Under 100 Robux,2,100,Accessory,139853968205597,Silly Cute Niche Apple AI Fruit Head Mask,90,https://robloxoutfits.net/outfits/cute/under-100-robux/
Cute,Under 100 Robux,3,100,Shirt,78866285336015,cute polkadot matching dahood music notes aw,5,https://robloxoutfits.net/outfits/cute/under-100-robux/
Cute,Under 100 Robux,3,100,Pants,106532575969759,pink cute doll kawaii skirt pants,5,https://robloxoutfits.net/outfits/cute/under-100-robux/
Cute,Under 100 Robux,3,100,Hair,71738277767231,❤️ FREE CODE: S014 ❤️ | Cute Blonde hair W/pigtail,0,https://robloxoutfits.net/outfits/cute/under-100-robux/
Cute,Under 100 Robux,3,100,Accessory,12361152003,Cold Blushy Cute Girl,90,https://robloxoutfits.net/outfits/cute/under-100-robux/
Cute,Under 100 Robux,4,100,Shirt,78866285336015,cute polkadot matching dahood music notes aw,5,https://robloxoutfits.net/outfits/cute/under-100-robux/
Cute,Under 100 Robux,4,100,Pants,95334591326592,༺ Cute ♡ Cutecore ♡ Core  ༻,5,https://robloxoutfits.net/outfits/cute/under-100-robux/
Cute,Under 100 Robux,4,100,Hair,71738277767231,❤️ FREE CODE: S014 ❤️ | Cute Blonde hair W/pigtail,0,https://robloxoutfits.net/outfits/cute/under-100-robux/
Cute,Under 100 Robux,4,100,Accessory,12361152003,Cold Blushy Cute Girl,90,https://robloxoutfits.net/outfits/cute/under-100-robux/
Cute,Under 100 Robux,5,100,Shirt,126179899701875,🐣Cute easter chick overalls🐣 eatser chicken,5,https://robloxoutfits.net/outfits/cute/under-100-robux/
Cute,Under 100 Robux,5,100,Pants,121322491543545,cute pink,5,https://robloxoutfits.net/outfits/cute/under-100-robux/
Cute,Under 100 Robux,5,100,Hair,125345583723447,Brown Cute Puppy Ear Hair (Free),0,https://robloxoutfits.net/outfits/cute/under-100-robux/
Cute,Under 100 Robux,5,100,Accessory,15495911697,Cute Kpop Makeup,90,https://robloxoutfits.net/outfits/cute/under-100-robux/
Cute,Under 100 Robux,6,100,Shirt,112943137441722,cute black n white kawaii uniform cutesy school,5,https://robloxoutfits.net/outfits/cute/under-100-robux/
Cute,Under 100 Robux,6,100,Pants,121322491543545,cute pink,5,https://robloxoutfits.net/outfits/cute/under-100-robux/
Cute,Under 100 Robux,6,100,Hair,125345583723447,Brown Cute Puppy Ear Hair (Free),0,https://robloxoutfits.net/outfits/cute/under-100-robux/
Cute,Under 100 Robux,6,100,Accessory,15495911697,Cute Kpop Makeup,90,https://robloxoutfits.net/outfits/cute/under-100-robux/
Cute,Under 100 Robux,7,11,Shirt,126179899701875,🐣Cute easter chick overalls🐣 eatser chicken,5,https://robloxoutfits.net/outfits/cute/under-100-robux/
Cute,Under 100 Robux,7,11,Pants,1160488459,💗 Pink! Trendy Girls Cute Casual Outfit,6,https://robloxoutfits.net/outfits/cute/under-100-robux/
Cute,Under 100 Robux,7,11,Hair,93346971914875,ノ꒰ (FREE UGC) Kitty pigtails white w/ cute clip♡,0,https://robloxoutfits.net/outfits/cute/under-100-robux/
Cute,Under 100 Robux,8,11,Shirt,112943137441722,cute black n white kawaii uniform cutesy school,5,https://robloxoutfits.net/outfits/cute/under-100-robux/
Cute,Under 100 Robux,8,11,Pants,1160488459,💗 Pink! Trendy Girls Cute Casual Outfit,6,https://robloxoutfits.net/outfits/cute/under-100-robux/
Cute,Under 100 Robux,8,11,Hair,93346971914875,ノ꒰ (FREE UGC) Kitty pigtails white w/ cute clip♡,0,https://robloxoutfits.net/outfits/cute/under-100-robux/
Cute,Under 100 Robux,9,20,Shirt,98151948460701,Cute Capybara Shirt,5,https://robloxoutfits.net/outfits/cute/under-100-robux/
Cute,Under 100 Robux,9,20,Pants,1160489625,❀ Cute Weekend Girls Mall Outfit ❀,15,https://robloxoutfits.net/outfits/cute/under-100-robux/
Cute,Under 100 Robux,9,20,Hair,121814793694589,🍀Cute Two-side French Braids (Brown),0,https://robloxoutfits.net/outfits/cute/under-100-robux/
Cute,Under 100 Robux,10,15,Shirt,98151948460701,Cute Capybara Shirt,5,https://robloxoutfits.net/outfits/cute/under-100-robux/
Cute,Under 100 Robux,10,15,Pants,1160473649,💛 Cute Girls Outfit Stripey Vibes ⏫,10,https://robloxoutfits.net/outfits/cute/under-100-robux/
Cute,Under 100 Robux,10,15,Hair,121814793694589,🍀Cute Two-side French Braids (Brown),0,https://robloxoutfits.net/outfits/cute/under-100-robux/
Cute,Under 100 Robux,11,20,Shirt,132122797155227,🍀Cute Button Crop Top - Black,5,https://robloxoutfits.net/outfits/cute/under-100-robux/
Cute,Under 100 Robux,11,20,Pants,1160489625,❀ Cute Weekend Girls Mall Outfit ❀,15,https://robloxoutfits.net/outfits/cute/under-100-robux/
Cute,Under 100 Robux,11,20,Hair,119218811341147,Cute Long Wavy Brown Hair With Blush 3.0,0,https://robloxoutfits.net/outfits/cute/under-100-robux/
Cute,Under 100 Robux,12,15,Shirt,132122797155227,🍀Cute Button Crop Top - Black,5,https://robloxoutfits.net/outfits/cute/under-100-robux/
Cute,Under 100 Robux,12,15,Pants,1160473649,💛 Cute Girls Outfit Stripey Vibes ⏫,10,https://robloxoutfits.net/outfits/cute/under-100-robux/
Cute,Under 100 Robux,12,15,Hair,119218811341147,Cute Long Wavy Brown Hair With Blush 3.0,0,https://robloxoutfits.net/outfits/cute/under-100-robux/
Cute,Under 200 Robux,1,106,Shirt,77255025903305,pink cute doll kawaii,5,https://robloxoutfits.net/outfits/cute/under-200-robux/
Cute,Under 200 Robux,1,106,Pants,1160488459,💗 Pink! Trendy Girls Cute Casual Outfit,6,https://robloxoutfits.net/outfits/cute/under-200-robux/
Cute,Under 200 Robux,1,106,Hair,2956239660,Belle Of Belfast Long Red Hair,0,https://robloxoutfits.net/outfits/cute/under-200-robux/
Cute,Under 200 Robux,1,106,Accessory,4904153006,Emotimask : Cute,95,https://robloxoutfits.net/outfits/cute/under-200-robux/
Cute,Under 200 Robux,2,115,Shirt,77255025903305,pink cute doll kawaii,5,https://robloxoutfits.net/outfits/cute/under-200-robux/
Cute,Under 200 Robux,2,115,Pants,1160489625,❀ Cute Weekend Girls Mall Outfit ❀,15,https://robloxoutfits.net/outfits/cute/under-200-robux/
Cute,Under 200 Robux,2,115,Hair,2956239660,Belle Of Belfast Long Red Hair,0,https://robloxoutfits.net/outfits/cute/under-200-robux/
Cute,Under 200 Robux,2,115,Accessory,4904153006,Emotimask : Cute,95,https://robloxoutfits.net/outfits/cute/under-200-robux/
Cute,Under 200 Robux,3,101,Shirt,78866285336015,cute polkadot matching dahood music notes aw,5,https://robloxoutfits.net/outfits/cute/under-200-robux/
Cute,Under 200 Robux,3,101,Pants,1160488459,💗 Pink! Trendy Girls Cute Casual Outfit,6,https://robloxoutfits.net/outfits/cute/under-200-robux/
Cute,Under 200 Robux,3,101,Hair,71738277767231,❤️ FREE CODE: S014 ❤️ | Cute Blonde hair W/pigtail,0,https://robloxoutfits.net/outfits/cute/under-200-robux/
Cute,Under 200 Robux,3,101,Accessory,139853968205597,Silly Cute Niche Apple AI Fruit Head Mask,90,https://robloxoutfits.net/outfits/cute/under-200-robux/
Cute,Under 200 Robux,4,110,Shirt,78866285336015,cute polkadot matching dahood music notes aw,5,https://robloxoutfits.net/outfits/cute/under-200-robux/
Cute,Under 200 Robux,4,110,Pants,1160489625,❀ Cute Weekend Girls Mall Outfit ❀,15,https://robloxoutfits.net/outfits/cute/under-200-robux/
Cute,Under 200 Robux,4,110,Hair,71738277767231,❤️ FREE CODE: S014 ❤️ | Cute Blonde hair W/pigtail,0,https://robloxoutfits.net/outfits/cute/under-200-robux/
Cute,Under 200 Robux,4,110,Accessory,139853968205597,Silly Cute Niche Apple AI Fruit Head Mask,90,https://robloxoutfits.net/outfits/cute/under-200-robux/
Cute,Under 200 Robux,5,110,Shirt,126179899701875,🐣Cute easter chick overalls🐣 eatser chicken,5,https://robloxoutfits.net/outfits/cute/under-200-robux/
Cute,Under 200 Robux,5,110,Pants,1160473649,💛 Cute Girls Outfit Stripey Vibes ⏫,10,https://robloxoutfits.net/outfits/cute/under-200-robux/
Cute,Under 200 Robux,5,110,Hair,125345583723447,Brown Cute Puppy Ear Hair (Free),0,https://robloxoutfits.net/outfits/cute/under-200-robux/
Cute,Under 200 Robux,5,110,Accessory,5945411921,Cute White Winter Beanie,95,https://robloxoutfits.net/outfits/cute/under-200-robux/
Cute,Under 200 Robux,6,110,Shirt,112943137441722,cute black n white kawaii uniform cutesy school,5,https://robloxoutfits.net/outfits/cute/under-200-robux/
Cute,Under 200 Robux,6,110,Pants,1160473649,💛 Cute Girls Outfit Stripey Vibes ⏫,10,https://robloxoutfits.net/outfits/cute/under-200-robux/
Cute,Under 200 Robux,6,110,Hair,125345583723447,Brown Cute Puppy Ear Hair (Free),0,https://robloxoutfits.net/outfits/cute/under-200-robux/
Cute,Under 200 Robux,6,110,Accessory,5945411921,Cute White Winter Beanie,95,https://robloxoutfits.net/outfits/cute/under-200-robux/
Cute,Under 200 Robux,7,110,Shirt,126179899701875,🐣Cute easter chick overalls🐣 eatser chicken,5,https://robloxoutfits.net/outfits/cute/under-200-robux/
Cute,Under 200 Robux,7,110,Pants,1160488069,✪ Floral Designer Cute Outfit,10,https://robloxoutfits.net/outfits/cute/under-200-robux/
Cute,Under 200 Robux,7,110,Hair,93346971914875,ノ꒰ (FREE UGC) Kitty pigtails white w/ cute clip♡,0,https://robloxoutfits.net/outfits/cute/under-200-robux/
Cute,Under 200 Robux,7,110,Accessory,8275222163,Cute Full Bangs (Black),95,https://robloxoutfits.net/outfits/cute/under-200-robux/
Cute,Under 200 Robux,8,110,Shirt,112943137441722,cute black n white kawaii uniform cutesy school,5,https://robloxoutfits.net/outfits/cute/under-200-robux/
Cute,Under 200 Robux,8,110,Pants,1160488069,✪ Floral Designer Cute Outfit,10,https://robloxoutfits.net/outfits/cute/under-200-robux/
Cute,Under 200 Robux,8,110,Hair,93346971914875,ノ꒰ (FREE UGC) Kitty pigtails white w/ cute clip♡,0,https://robloxoutfits.net/outfits/cute/under-200-robux/
Cute,Under 200 Robux,8,110,Accessory,8275222163,Cute Full Bangs (Black),95,https://robloxoutfits.net/outfits/cute/under-200-robux/
Cute,Under 200 Robux,9,105,Shirt,98151948460701,Cute Capybara Shirt,5,https://robloxoutfits.net/outfits/cute/under-200-robux/
Cute,Under 200 Robux,9,105,Pants,106532575969759,pink cute doll kawaii skirt pants,5,https://robloxoutfits.net/outfits/cute/under-200-robux/
Cute,Under 200 Robux,9,105,Hair,121814793694589,🍀Cute Two-side French Braids (Brown),0,https://robloxoutfits.net/outfits/cute/under-200-robux/
Cute,Under 200 Robux,9,105,Accessory,6934244289,Rounded Cute Anime Glasses,95,https://robloxoutfits.net/outfits/cute/under-200-robux/
Cute,Under 200 Robux,10,105,Shirt,132122797155227,🍀Cute Button Crop Top - Black,5,https://robloxoutfits.net/outfits/cute/under-200-robux/
Cute,Under 200 Robux,10,105,Pants,106532575969759,pink cute doll kawaii skirt pants,5,https://robloxoutfits.net/outfits/cute/under-200-robux/
Cute,Under 200 Robux,10,105,Hair,121814793694589,🍀Cute Two-side French Braids (Brown),0,https://robloxoutfits.net/outfits/cute/under-200-robux/
Cute,Under 200 Robux,10,105,Accessory,6934244289,Rounded Cute Anime Glasses,95,https://robloxoutfits.net/outfits/cute/under-200-robux/
Cute,Under 200 Robux,11,105,Shirt,98151948460701,Cute Capybara Shirt,5,https://robloxoutfits.net/outfits/cute/under-200-robux/
Cute,Under 200 Robux,11,105,Pants,95334591326592,༺ Cute ♡ Cutecore ♡ Core  ༻,5,https://robloxoutfits.net/outfits/cute/under-200-robux/
Cute,Under 200 Robux,11,105,Hair,119218811341147,Cute Long Wavy Brown Hair With Blush 3.0,0,https://robloxoutfits.net/outfits/cute/under-200-robux/
Cute,Under 200 Robux,11,105,Accessory,13989741745,cute kawaii puppy face filter,95,https://robloxoutfits.net/outfits/cute/under-200-robux/
Cute,Under 200 Robux,12,105,Shirt,132122797155227,🍀Cute Button Crop Top - Black,5,https://robloxoutfits.net/outfits/cute/under-200-robux/
Cute,Under 200 Robux,12,105,Pants,95334591326592,༺ Cute ♡ Cutecore ♡ Core  ༻,5,https://robloxoutfits.net/outfits/cute/under-200-robux/
Cute,Under 200 Robux,12,105,Hair,119218811341147,Cute Long Wavy Brown Hair With Blush 3.0,0,https://robloxoutfits.net/outfits/cute/under-200-robux/
Cute,Under 200 Robux,12,105,Accessory,13989741745,cute kawaii puppy face filter,95,https://robloxoutfits.net/outfits/cute/under-200-robux/
Halloween,Almost free,1,10,Shirt,113499282337185,black skeleton hoodie y2k,5,https://robloxoutfits.net/outfits/halloween/almost-free/
Halloween,Almost free,1,10,Pants,96226837634971,Halloween 🎃,5,https://robloxoutfits.net/outfits/halloween/almost-free/
Halloween,Almost free,1,10,Hair,63690008,Pal Hair,0,https://robloxoutfits.net/outfits/halloween/almost-free/
Halloween,Almost free,1,10,Accessory,94860012925676,FREE halloween witch kitty cat hat pink bow spider,0,https://robloxoutfits.net/outfits/halloween/almost-free/
Halloween,Almost free,2,10,Shirt,80644348674014,vampire,5,https://robloxoutfits.net/outfits/halloween/almost-free/
Halloween,Almost free,2,10,Pants,96226837634971,Halloween 🎃,5,https://robloxoutfits.net/outfits/halloween/almost-free/
Halloween,Almost free,2,10,Hair,63690008,Pal Hair,0,https://robloxoutfits.net/outfits/halloween/almost-free/
Halloween,Almost free,2,10,Accessory,94860012925676,FREE halloween witch kitty cat hat pink bow spider,0,https://robloxoutfits.net/outfits/halloween/almost-free/
Halloween,Almost free,3,10,Shirt,113499282337185,black skeleton hoodie y2k,5,https://robloxoutfits.net/outfits/halloween/almost-free/
Halloween,Almost free,3,10,Pants,92628755108632,Slender halloween,5,https://robloxoutfits.net/outfits/halloween/almost-free/
Halloween,Almost free,3,10,Hair,376526888,Straight Blonde Hair,0,https://robloxoutfits.net/outfits/halloween/almost-free/
Halloween,Almost free,3,10,Accessory,116457228458722,Halloween Pixel Sword,0,https://robloxoutfits.net/outfits/halloween/almost-free/
Halloween,Almost free,4,10,Shirt,80644348674014,vampire,5,https://robloxoutfits.net/outfits/halloween/almost-free/
Halloween,Almost free,4,10,Pants,92628755108632,Slender halloween,5,https://robloxoutfits.net/outfits/halloween/almost-free/
Halloween,Almost free,4,10,Hair,376526888,Straight Blonde Hair,0,https://robloxoutfits.net/outfits/halloween/almost-free/
Halloween,Almost free,4,10,Accessory,116457228458722,Halloween Pixel Sword,0,https://robloxoutfits.net/outfits/halloween/almost-free/
Halloween,Almost free,5,10,Shirt,112891160477226,vampire y2k blood halloween da hood pick me kawaii,5,https://robloxoutfits.net/outfits/halloween/almost-free/
Halloween,Almost free,5,10,Pants,123927809639603,vampire epic face pjs y2k,5,https://robloxoutfits.net/outfits/halloween/almost-free/
Halloween,Almost free,5,10,Hair,376524487,Blonde Spiked Hair,0,https://robloxoutfits.net/outfits/halloween/almost-free/
Halloween,Almost free,5,10,Accessory,94423001457435,Halloween Horns,0,https://robloxoutfits.net/outfits/halloween/almost-free/
Halloween,Almost free,6,10,Shirt,112891160477226,vampire y2k blood halloween da hood pick me kawaii,5,https://robloxoutfits.net/outfits/halloween/almost-free/
Halloween,Almost free,6,10,Pants,72666241329412,Pumpkin Halloween Plaid Cute Aesthetic Y2K Spooky,5,https://robloxoutfits.net/outfits/halloween/almost-free/
Halloween,Almost free,6,10,Hair,376524487,Blonde Spiked Hair,0,https://robloxoutfits.net/outfits/halloween/almost-free/
Halloween,Almost free,6,10,Accessory,94423001457435,Halloween Horns,0,https://robloxoutfits.net/outfits/halloween/almost-free/
Halloween,Almost free,7,10,Shirt,108557169498554,woody halloween toy story matching costume,5,https://robloxoutfits.net/outfits/halloween/almost-free/
Halloween,Almost free,7,10,Pants,123927809639603,vampire epic face pjs y2k,5,https://robloxoutfits.net/outfits/halloween/almost-free/
Halloween,Almost free,7,10,Hair,2956239660,Belle Of Belfast Long Red Hair,0,https://robloxoutfits.net/outfits/halloween/almost-free/
Halloween,Almost free,8,10,Shirt,108557169498554,woody halloween toy story matching costume,5,https://robloxoutfits.net/outfits/halloween/almost-free/
Halloween,Almost free,8,10,Pants,72666241329412,Pumpkin Halloween Plaid Cute Aesthetic Y2K Spooky,5,https://robloxoutfits.net/outfits/halloween/almost-free/
Halloween,Almost free,8,10,Hair,2956239660,Belle Of Belfast Long Red Hair,0,https://robloxoutfits.net/outfits/halloween/almost-free/
Halloween,Almost free,9,10,Shirt,126530630730128,{Distasteful} Vampire Low Rise Shirt,5,https://robloxoutfits.net/outfits/halloween/almost-free/
Halloween,Almost free,9,10,Pants,106426161052915,👻 Ghost Plaid Spooky Halloween Shorts Preppy Y2K,5,https://robloxoutfits.net/outfits/halloween/almost-free/
Halloween,Almost free,9,10,Hair,451221329,True Blue Hair,0,https://robloxoutfits.net/outfits/halloween/almost-free/
Halloween,Almost free,10,10,Shirt,126530630730128,{Distasteful} Vampire Low Rise Shirt,5,https://robloxoutfits.net/outfits/halloween/almost-free/
Halloween,Almost free,10,10,Pants,117214336211060,vampire epic face pjs,5,https://robloxoutfits.net/outfits/halloween/almost-free/
Halloween,Almost free,10,10,Hair,451221329,True Blue Hair,0,https://robloxoutfits.net/outfits/halloween/almost-free/
Halloween,Almost free,11,10,Shirt,131682528717674,♱┊vampire,5,https://robloxoutfits.net/outfits/halloween/almost-free/
Halloween,Almost free,11,10,Pants,106426161052915,👻 Ghost Plaid Spooky Halloween Shorts Preppy Y2K,5,https://robloxoutfits.net/outfits/halloween/almost-free/
Halloween,Almost free,11,10,Hair,1103003368,Orange Beanie with Black Hair,0,https://robloxoutfits.net/outfits/halloween/almost-free/
Halloween,Almost free,12,10,Shirt,131682528717674,♱┊vampire,5,https://robloxoutfits.net/outfits/halloween/almost-free/
Halloween,Almost free,12,10,Pants,117214336211060,vampire epic face pjs,5,https://robloxoutfits.net/outfits/halloween/almost-free/
Halloween,Almost free,12,10,Hair,1103003368,Orange Beanie with Black Hair,0,https://robloxoutfits.net/outfits/halloween/almost-free/
Halloween,Under 50 Robux,1,10,Shirt,113499282337185,black skeleton hoodie y2k,5,https://robloxoutfits.net/outfits/halloween/under-50-robux/
Halloween,Under 50 Robux,1,10,Pants,96226837634971,Halloween 🎃,5,https://robloxoutfits.net/outfits/halloween/under-50-robux/
Halloween,Under 50 Robux,1,10,Hair,63690008,Pal Hair,0,https://robloxoutfits.net/outfits/halloween/under-50-robux/
Halloween,Under 50 Robux,1,10,Accessory,94860012925676,FREE halloween witch kitty cat hat pink bow spider,0,https://robloxoutfits.net/outfits/halloween/under-50-robux/
Halloween,Under 50 Robux,2,10,Shirt,80644348674014,vampire,5,https://robloxoutfits.net/outfits/halloween/under-50-robux/
Halloween,Under 50 Robux,2,10,Pants,96226837634971,Halloween 🎃,5,https://robloxoutfits.net/outfits/halloween/under-50-robux/
Halloween,Under 50 Robux,2,10,Hair,63690008,Pal Hair,0,https://robloxoutfits.net/outfits/halloween/under-50-robux/
Halloween,Under 50 Robux,2,10,Accessory,94860012925676,FREE halloween witch kitty cat hat pink bow spider,0,https://robloxoutfits.net/outfits/halloween/under-50-robux/
Halloween,Under 50 Robux,3,10,Shirt,113499282337185,black skeleton hoodie y2k,5,https://robloxoutfits.net/outfits/halloween/under-50-robux/
Halloween,Under 50 Robux,3,10,Pants,92628755108632,Slender halloween,5,https://robloxoutfits.net/outfits/halloween/under-50-robux/
Halloween,Under 50 Robux,3,10,Hair,376526888,Straight Blonde Hair,0,https://robloxoutfits.net/outfits/halloween/under-50-robux/
Halloween,Under 50 Robux,3,10,Accessory,116457228458722,Halloween Pixel Sword,0,https://robloxoutfits.net/outfits/halloween/under-50-robux/
Halloween,Under 50 Robux,4,10,Shirt,80644348674014,vampire,5,https://robloxoutfits.net/outfits/halloween/under-50-robux/
Halloween,Under 50 Robux,4,10,Pants,92628755108632,Slender halloween,5,https://robloxoutfits.net/outfits/halloween/under-50-robux/
Halloween,Under 50 Robux,4,10,Hair,376526888,Straight Blonde Hair,0,https://robloxoutfits.net/outfits/halloween/under-50-robux/
Halloween,Under 50 Robux,4,10,Accessory,116457228458722,Halloween Pixel Sword,0,https://robloxoutfits.net/outfits/halloween/under-50-robux/
Halloween,Under 50 Robux,5,10,Shirt,112891160477226,vampire y2k blood halloween da hood pick me kawaii,5,https://robloxoutfits.net/outfits/halloween/under-50-robux/
Halloween,Under 50 Robux,5,10,Pants,123927809639603,vampire epic face pjs y2k,5,https://robloxoutfits.net/outfits/halloween/under-50-robux/
Halloween,Under 50 Robux,5,10,Hair,376524487,Blonde Spiked Hair,0,https://robloxoutfits.net/outfits/halloween/under-50-robux/
Halloween,Under 50 Robux,5,10,Accessory,94423001457435,Halloween Horns,0,https://robloxoutfits.net/outfits/halloween/under-50-robux/
Halloween,Under 50 Robux,6,10,Shirt,112891160477226,vampire y2k blood halloween da hood pick me kawaii,5,https://robloxoutfits.net/outfits/halloween/under-50-robux/
Halloween,Under 50 Robux,6,10,Pants,72666241329412,Pumpkin Halloween Plaid Cute Aesthetic Y2K Spooky,5,https://robloxoutfits.net/outfits/halloween/under-50-robux/
Halloween,Under 50 Robux,6,10,Hair,376524487,Blonde Spiked Hair,0,https://robloxoutfits.net/outfits/halloween/under-50-robux/
Halloween,Under 50 Robux,6,10,Accessory,94423001457435,Halloween Horns,0,https://robloxoutfits.net/outfits/halloween/under-50-robux/
Halloween,Under 50 Robux,7,10,Shirt,108557169498554,woody halloween toy story matching costume,5,https://robloxoutfits.net/outfits/halloween/under-50-robux/
Halloween,Under 50 Robux,7,10,Pants,123927809639603,vampire epic face pjs y2k,5,https://robloxoutfits.net/outfits/halloween/under-50-robux/
Halloween,Under 50 Robux,7,10,Hair,2956239660,Belle Of Belfast Long Red Hair,0,https://robloxoutfits.net/outfits/halloween/under-50-robux/
Halloween,Under 50 Robux,8,10,Shirt,108557169498554,woody halloween toy story matching costume,5,https://robloxoutfits.net/outfits/halloween/under-50-robux/
Halloween,Under 50 Robux,8,10,Pants,72666241329412,Pumpkin Halloween Plaid Cute Aesthetic Y2K Spooky,5,https://robloxoutfits.net/outfits/halloween/under-50-robux/
Halloween,Under 50 Robux,8,10,Hair,2956239660,Belle Of Belfast Long Red Hair,0,https://robloxoutfits.net/outfits/halloween/under-50-robux/
Halloween,Under 50 Robux,9,10,Shirt,126530630730128,{Distasteful} Vampire Low Rise Shirt,5,https://robloxoutfits.net/outfits/halloween/under-50-robux/
Halloween,Under 50 Robux,9,10,Pants,106426161052915,👻 Ghost Plaid Spooky Halloween Shorts Preppy Y2K,5,https://robloxoutfits.net/outfits/halloween/under-50-robux/
Halloween,Under 50 Robux,9,10,Hair,451221329,True Blue Hair,0,https://robloxoutfits.net/outfits/halloween/under-50-robux/
Halloween,Under 50 Robux,10,10,Shirt,126530630730128,{Distasteful} Vampire Low Rise Shirt,5,https://robloxoutfits.net/outfits/halloween/under-50-robux/
Halloween,Under 50 Robux,10,10,Pants,117214336211060,vampire epic face pjs,5,https://robloxoutfits.net/outfits/halloween/under-50-robux/
Halloween,Under 50 Robux,10,10,Hair,451221329,True Blue Hair,0,https://robloxoutfits.net/outfits/halloween/under-50-robux/
Halloween,Under 50 Robux,11,10,Shirt,131682528717674,♱┊vampire,5,https://robloxoutfits.net/outfits/halloween/under-50-robux/
Halloween,Under 50 Robux,11,10,Pants,106426161052915,👻 Ghost Plaid Spooky Halloween Shorts Preppy Y2K,5,https://robloxoutfits.net/outfits/halloween/under-50-robux/
Halloween,Under 50 Robux,11,10,Hair,1103003368,Orange Beanie with Black Hair,0,https://robloxoutfits.net/outfits/halloween/under-50-robux/
Halloween,Under 50 Robux,12,10,Shirt,131682528717674,♱┊vampire,5,https://robloxoutfits.net/outfits/halloween/under-50-robux/
Halloween,Under 50 Robux,12,10,Pants,117214336211060,vampire epic face pjs,5,https://robloxoutfits.net/outfits/halloween/under-50-robux/
Halloween,Under 50 Robux,12,10,Hair,1103003368,Orange Beanie with Black Hair,0,https://robloxoutfits.net/outfits/halloween/under-50-robux/
Halloween,Under 100 Robux,1,65,Shirt,113499282337185,black skeleton hoodie y2k,5,https://robloxoutfits.net/outfits/halloween/under-100-robux/
Halloween,Under 100 Robux,1,65,Pants,96226837634971,Halloween 🎃,5,https://robloxoutfits.net/outfits/halloween/under-100-robux/
Halloween,Under 100 Robux,1,65,Hair,63690008,Pal Hair,0,https://robloxoutfits.net/outfits/halloween/under-100-robux/
Halloween,Under 100 Robux,1,65,Accessory,98269316781371,[ANIMATED] Devil ↔ Angel Cats,55,https://robloxoutfits.net/outfits/halloween/under-100-robux/
Halloween,Under 100 Robux,2,65,Shirt,80644348674014,vampire,5,https://robloxoutfits.net/outfits/halloween/under-100-robux/
Halloween,Under 100 Robux,2,65,Pants,96226837634971,Halloween 🎃,5,https://robloxoutfits.net/outfits/halloween/under-100-robux/
Halloween,Under 100 Robux,2,65,Hair,63690008,Pal Hair,0,https://robloxoutfits.net/outfits/halloween/under-100-robux/
Halloween,Under 100 Robux,2,65,Accessory,98269316781371,[ANIMATED] Devil ↔ Angel Cats,55,https://robloxoutfits.net/outfits/halloween/under-100-robux/
Halloween,Under 100 Robux,3,10,Shirt,113499282337185,black skeleton hoodie y2k,5,https://robloxoutfits.net/outfits/halloween/under-100-robux/
Halloween,Under 100 Robux,3,10,Pants,92628755108632,Slender halloween,5,https://robloxoutfits.net/outfits/halloween/under-100-robux/
Halloween,Under 100 Robux,3,10,Hair,376526888,Straight Blonde Hair,0,https://robloxoutfits.net/outfits/halloween/under-100-robux/
Halloween,Under 100 Robux,3,10,Accessory,94860012925676,FREE halloween witch kitty cat hat pink bow spider,0,https://robloxoutfits.net/outfits/halloween/under-100-robux/
Halloween,Under 100 Robux,4,10,Shirt,80644348674014,vampire,5,https://robloxoutfits.net/outfits/halloween/under-100-robux/
Halloween,Under 100 Robux,4,10,Pants,92628755108632,Slender halloween,5,https://robloxoutfits.net/outfits/halloween/under-100-robux/
Halloween,Under 100 Robux,4,10,Hair,376526888,Straight Blonde Hair,0,https://robloxoutfits.net/outfits/halloween/under-100-robux/
Halloween,Under 100 Robux,4,10,Accessory,94860012925676,FREE halloween witch kitty cat hat pink bow spider,0,https://robloxoutfits.net/outfits/halloween/under-100-robux/
Halloween,Under 100 Robux,5,10,Shirt,112891160477226,vampire y2k blood halloween da hood pick me kawaii,5,https://robloxoutfits.net/outfits/halloween/under-100-robux/
Halloween,Under 100 Robux,5,10,Pants,123927809639603,vampire epic face pjs y2k,5,https://robloxoutfits.net/outfits/halloween/under-100-robux/
Halloween,Under 100 Robux,5,10,Hair,376524487,Blonde Spiked Hair,0,https://robloxoutfits.net/outfits/halloween/under-100-robux/
Halloween,Under 100 Robux,5,10,Accessory,116457228458722,Halloween Pixel Sword,0,https://robloxoutfits.net/outfits/halloween/under-100-robux/
Halloween,Under 100 Robux,6,10,Shirt,112891160477226,vampire y2k blood halloween da hood pick me kawaii,5,https://robloxoutfits.net/outfits/halloween/under-100-robux/
Halloween,Under 100 Robux,6,10,Pants,72666241329412,Pumpkin Halloween Plaid Cute Aesthetic Y2K Spooky,5,https://robloxoutfits.net/outfits/halloween/under-100-robux/
Halloween,Under 100 Robux,6,10,Hair,376524487,Blonde Spiked Hair,0,https://robloxoutfits.net/outfits/halloween/under-100-robux/
Halloween,Under 100 Robux,6,10,Accessory,116457228458722,Halloween Pixel Sword,0,https://robloxoutfits.net/outfits/halloween/under-100-robux/
Halloween,Under 100 Robux,7,85,Shirt,108557169498554,woody halloween toy story matching costume,5,https://robloxoutfits.net/outfits/halloween/under-100-robux/
Halloween,Under 100 Robux,7,85,Pants,123927809639603,vampire epic face pjs y2k,5,https://robloxoutfits.net/outfits/halloween/under-100-robux/
Halloween,Under 100 Robux,7,85,Hair,6501746646,Popular Girl Blonde & Brown Hair,75,https://robloxoutfits.net/outfits/halloween/under-100-robux/
Halloween,Under 100 Robux,7,85,Accessory,94423001457435,Halloween Horns,0,https://robloxoutfits.net/outfits/halloween/under-100-robux/
Halloween,Under 100 Robux,8,85,Shirt,108557169498554,woody halloween toy story matching costume,5,https://robloxoutfits.net/outfits/halloween/under-100-robux/
Halloween,Under 100 Robux,8,85,Pants,72666241329412,Pumpkin Halloween Plaid Cute Aesthetic Y2K Spooky,5,https://robloxoutfits.net/outfits/halloween/under-100-robux/
Halloween,Under 100 Robux,8,85,Hair,6501746646,Popular Girl Blonde & Brown Hair,75,https://robloxoutfits.net/outfits/halloween/under-100-robux/
Halloween,Under 100 Robux,8,85,Accessory,94423001457435,Halloween Horns,0,https://robloxoutfits.net/outfits/halloween/under-100-robux/
Halloween,Under 100 Robux,9,89,Shirt,126530630730128,{Distasteful} Vampire Low Rise Shirt,5,https://robloxoutfits.net/outfits/halloween/under-100-robux/
Halloween,Under 100 Robux,9,89,Pants,106426161052915,👻 Ghost Plaid Spooky Halloween Shorts Preppy Y2K,5,https://robloxoutfits.net/outfits/halloween/under-100-robux/
Halloween,Under 100 Robux,9,89,Hair,5890690147,Popstar Hair,79,https://robloxoutfits.net/outfits/halloween/under-100-robux/
Halloween,Under 100 Robux,10,89,Shirt,126530630730128,{Distasteful} Vampire Low Rise Shirt,5,https://robloxoutfits.net/outfits/halloween/under-100-robux/
Halloween,Under 100 Robux,10,89,Pants,117214336211060,vampire epic face pjs,5,https://robloxoutfits.net/outfits/halloween/under-100-robux/
Halloween,Under 100 Robux,10,89,Hair,5890690147,Popstar Hair,79,https://robloxoutfits.net/outfits/halloween/under-100-robux/
Halloween,Under 100 Robux,11,95,Shirt,131682528717674,♱┊vampire,5,https://robloxoutfits.net/outfits/halloween/under-100-robux/
Halloween,Under 100 Robux,11,95,Pants,106426161052915,👻 Ghost Plaid Spooky Halloween Shorts Preppy Y2K,5,https://robloxoutfits.net/outfits/halloween/under-100-robux/
Halloween,Under 100 Robux,11,95,Hair,5918940548,Blonde curly celebrity hair,85,https://robloxoutfits.net/outfits/halloween/under-100-robux/
Halloween,Under 100 Robux,12,95,Shirt,131682528717674,♱┊vampire,5,https://robloxoutfits.net/outfits/halloween/under-100-robux/
Halloween,Under 100 Robux,12,95,Pants,117214336211060,vampire epic face pjs,5,https://robloxoutfits.net/outfits/halloween/under-100-robux/
Halloween,Under 100 Robux,12,95,Hair,5918940548,Blonde curly celebrity hair,85,https://robloxoutfits.net/outfits/halloween/under-100-robux/
Halloween,Under 200 Robux,1,105,Shirt,113499282337185,black skeleton hoodie y2k,5,https://robloxoutfits.net/outfits/halloween/under-200-robux/
Halloween,Under 200 Robux,1,105,Pants,96226837634971,Halloween 🎃,5,https://robloxoutfits.net/outfits/halloween/under-200-robux/
Halloween,Under 200 Robux,1,105,Hair,63690008,Pal Hair,0,https://robloxoutfits.net/outfits/halloween/under-200-robux/
Halloween,Under 200 Robux,1,105,Accessory,6869986319,Devil Straw Samurai Hat,95,https://robloxoutfits.net/outfits/halloween/under-200-robux/
Halloween,Under 200 Robux,2,105,Shirt,80644348674014,vampire,5,https://robloxoutfits.net/outfits/halloween/under-200-robux/
Halloween,Under 200 Robux,2,105,Pants,96226837634971,Halloween 🎃,5,https://robloxoutfits.net/outfits/halloween/under-200-robux/
Halloween,Under 200 Robux,2,105,Hair,63690008,Pal Hair,0,https://robloxoutfits.net/outfits/halloween/under-200-robux/
Halloween,Under 200 Robux,2,105,Accessory,6869986319,Devil Straw Samurai Hat,95,https://robloxoutfits.net/outfits/halloween/under-200-robux/
Halloween,Under 200 Robux,3,105,Shirt,113499282337185,black skeleton hoodie y2k,5,https://robloxoutfits.net/outfits/halloween/under-200-robux/
Halloween,Under 200 Robux,3,105,Pants,92628755108632,Slender halloween,5,https://robloxoutfits.net/outfits/halloween/under-200-robux/
Halloween,Under 200 Robux,3,105,Hair,376526888,Straight Blonde Hair,0,https://robloxoutfits.net/outfits/halloween/under-200-robux/
Halloween,Under 200 Robux,3,105,Accessory,5621576440,Wicked Devil's Horns,95,https://robloxoutfits.net/outfits/halloween/under-200-robux/
Halloween,Under 200 Robux,4,105,Shirt,80644348674014,vampire,5,https://robloxoutfits.net/outfits/halloween/under-200-robux/
Halloween,Under 200 Robux,4,105,Pants,92628755108632,Slender halloween,5,https://robloxoutfits.net/outfits/halloween/under-200-robux/
Halloween,Under 200 Robux,4,105,Hair,376526888,Straight Blonde Hair,0,https://robloxoutfits.net/outfits/halloween/under-200-robux/
Halloween,Under 200 Robux,4,105,Accessory,5621576440,Wicked Devil's Horns,95,https://robloxoutfits.net/outfits/halloween/under-200-robux/
Halloween,Under 200 Robux,5,150,Shirt,112891160477226,vampire y2k blood halloween da hood pick me kawaii,5,https://robloxoutfits.net/outfits/halloween/under-200-robux/
Halloween,Under 200 Robux,5,150,Pants,123927809639603,vampire epic face pjs y2k,5,https://robloxoutfits.net/outfits/halloween/under-200-robux/
Halloween,Under 200 Robux,5,150,Hair,376524487,Blonde Spiked Hair,0,https://robloxoutfits.net/outfits/halloween/under-200-robux/
Halloween,Under 200 Robux,5,150,Accessory,4876357616,Doodle Devil Wings (Black),140,https://robloxoutfits.net/outfits/halloween/under-200-robux/
Halloween,Under 200 Robux,6,150,Shirt,112891160477226,vampire y2k blood halloween da hood pick me kawaii,5,https://robloxoutfits.net/outfits/halloween/under-200-robux/
Halloween,Under 200 Robux,6,150,Pants,72666241329412,Pumpkin Halloween Plaid Cute Aesthetic Y2K Spooky,5,https://robloxoutfits.net/outfits/halloween/under-200-robux/
Halloween,Under 200 Robux,6,150,Hair,376524487,Blonde Spiked Hair,0,https://robloxoutfits.net/outfits/halloween/under-200-robux/
Halloween,Under 200 Robux,6,150,Accessory,4876357616,Doodle Devil Wings (Black),140,https://robloxoutfits.net/outfits/halloween/under-200-robux/
Halloween,Under 200 Robux,7,180,Shirt,108557169498554,woody halloween toy story matching costume,5,https://robloxoutfits.net/outfits/halloween/under-200-robux/
Halloween,Under 200 Robux,7,180,Pants,123927809639603,vampire epic face pjs y2k,5,https://robloxoutfits.net/outfits/halloween/under-200-robux/
Halloween,Under 200 Robux,7,180,Hair,6501746646,Popular Girl Blonde & Brown Hair,75,https://robloxoutfits.net/outfits/halloween/under-200-robux/
Halloween,Under 200 Robux,7,180,Accessory,5700404819,Candy Corn Hat,95,https://robloxoutfits.net/outfits/halloween/under-200-robux/
Halloween,Under 200 Robux,8,180,Shirt,108557169498554,woody halloween toy story matching costume,5,https://robloxoutfits.net/outfits/halloween/under-200-robux/
Halloween,Under 200 Robux,8,180,Pants,72666241329412,Pumpkin Halloween Plaid Cute Aesthetic Y2K Spooky,5,https://robloxoutfits.net/outfits/halloween/under-200-robux/
Halloween,Under 200 Robux,8,180,Hair,6501746646,Popular Girl Blonde & Brown Hair,75,https://robloxoutfits.net/outfits/halloween/under-200-robux/
Halloween,Under 200 Robux,8,180,Accessory,5700404819,Candy Corn Hat,95,https://robloxoutfits.net/outfits/halloween/under-200-robux/
Halloween,Under 200 Robux,9,189,Shirt,126530630730128,{Distasteful} Vampire Low Rise Shirt,5,https://robloxoutfits.net/outfits/halloween/under-200-robux/
Halloween,Under 200 Robux,9,189,Pants,106426161052915,👻 Ghost Plaid Spooky Halloween Shorts Preppy Y2K,5,https://robloxoutfits.net/outfits/halloween/under-200-robux/
Halloween,Under 200 Robux,9,189,Hair,5890690147,Popstar Hair,79,https://robloxoutfits.net/outfits/halloween/under-200-robux/
Halloween,Under 200 Robux,9,189,Accessory,5359823228,Devil Hood,100,https://robloxoutfits.net/outfits/halloween/under-200-robux/
Halloween,Under 200 Robux,10,189,Shirt,126530630730128,{Distasteful} Vampire Low Rise Shirt,5,https://robloxoutfits.net/outfits/halloween/under-200-robux/
Halloween,Under 200 Robux,10,189,Pants,117214336211060,vampire epic face pjs,5,https://robloxoutfits.net/outfits/halloween/under-200-robux/
Halloween,Under 200 Robux,10,189,Hair,5890690147,Popstar Hair,79,https://robloxoutfits.net/outfits/halloween/under-200-robux/
Halloween,Under 200 Robux,10,189,Accessory,5359823228,Devil Hood,100,https://robloxoutfits.net/outfits/halloween/under-200-robux/
Halloween,Under 200 Robux,11,190,Shirt,131682528717674,♱┊vampire,5,https://robloxoutfits.net/outfits/halloween/under-200-robux/
Halloween,Under 200 Robux,11,190,Pants,106426161052915,👻 Ghost Plaid Spooky Halloween Shorts Preppy Y2K,5,https://robloxoutfits.net/outfits/halloween/under-200-robux/
Halloween,Under 200 Robux,11,190,Hair,5918940548,Blonde curly celebrity hair,85,https://robloxoutfits.net/outfits/halloween/under-200-robux/
Halloween,Under 200 Robux,11,190,Accessory,5830703835,Halloween Kawaii Witch Hat (Orange),95,https://robloxoutfits.net/outfits/halloween/under-200-robux/
Halloween,Under 200 Robux,12,190,Shirt,131682528717674,♱┊vampire,5,https://robloxoutfits.net/outfits/halloween/under-200-robux/
Halloween,Under 200 Robux,12,190,Pants,117214336211060,vampire epic face pjs,5,https://robloxoutfits.net/outfits/halloween/under-200-robux/
Halloween,Under 200 Robux,12,190,Hair,5918940548,Blonde curly celebrity hair,85,https://robloxoutfits.net/outfits/halloween/under-200-robux/
Halloween,Under 200 Robux,12,190,Accessory,5830703835,Halloween Kawaii Witch Hat (Orange),95,https://robloxoutfits.net/outfits/halloween/under-200-robux/
